gene_id,sample_001,sample_002
CXCL10,104,130
CXCL5,109,113
CXCL1,94,110
CXCL9,109,107
SOCS3,94,114
MMP3,92,128
S100A9,100,128
IL1B,91,118
S100A8,103,95
MMP1,99,120
CHI3L1,104,125
CXCL11,100,121
MMP10,106,104
MMP7,96,129
SAA2,111,120
IDO1,93,123
MMP12,100,112
DUOXA2,104,120
ABCA12,84,110
LCN2,100,102
IGHG1,96,121
DUOX2,80,143
FPR2,95,110
GUCA2B,110,128
AQP9,103,108
SLC6A14,105,104
GBP5,98,105
FCGR3B,97,114
OSM,129,128
TREM1,105,131
CCL20,113,124
GREM1,87,120
IGHG2,102,123
SELE,101,139
GUCA2A,114,115
IGHG3,102,107
NOS2,97,122
UBD,99,128
CXCL13,95,90
CDKN2B-AS1,69,120
FPR1,98,114
IGKV1-9,113,127
FOLH1,103,119
SAA1,96,135
CXCL6,110,116
PNLIPRP2,98,115
COL1A1,109,147
MMP9,107,118
MUC5AC,90,117
PI3,89,109
TNIP3,122,117
PCK1,95,126
CXCL2,123,115
HLA-DQA2,101,109
REG1B,107,100
INHBA,98,134
CXCL3,97,103
IGHG4,81,127
SLC6A19,100,110
CXCR2,92,145
SELL,105,99
PIM2,95,104
CCL18,90,112
IGLV2-23,91,125
FCN1,111,114
RBP2,103,111
IGKV3D-20,103,111
CR2,99,139
AQP8,104,132
IGLV2-14,80,89
ERAP2,108,125
DMBT1,107,111
REG1A,116,140
HOXB13,113,125
BANK1,117,111
MT1H,69,132
CXCR4,92,118
MT1M,90,129
FCGR3A,89,127
CSF2RB,120,112
HLA-DRB5,110,129
IL1RN,103,125
IGKV1-17,102,132
C3,112,111
GSTA1,95,102
CYP4F2,86,115
GBP1,109,125
MS4A1,113,131
TNFAIP6,87,115
CLDN8,114,123
S100P,102,96
CD22,103,108
CDHR1,105,125
CCL19,111,141
HMGCS2,95,114
TNC,89,151
POSTN,104,123
PRKG2,102,107
MUC5B,96,126
SLC13A1,99,121
CDH3,85,119
REG3A,87,122
IGFBP5,111,131
SLC51A,96,124
CCL11,91,123
MEP1B,95,106
CTSK,83,113
TMIGD1,102,112
CCR7,82,135
PLEK,87,98
ALPI,87,139
POU2AF1,116,126
IGHM,94,126
SERPINA3,103,139
SLC10A2,98,114
DEFA5,96,129
DPEP1,84,110
CD79A,109,129
LINC00668,105,112
IRF4,80,114
FCGR2A,108,99
OLFM4,93,122
XPNPEP2,87,150
HCAR2,110,114
DEFA6,120,137
CCL2,109,104
SLC5A12,104,101
FRMD1,108,128
GBP4,107,120
COL15A1,96,123
MZB1,101,130
IGLC2,101,126
CR1,96,144
MS4A10,117,130
AVPR1A,87,135
COL12A1,106,118
CD55,117,101
PDZK1,86,133
ABCG2,102,122
SPINK4,108,143
CYP3A4,117,126
REG3G,108,111
NAALADL1,99,123
COL18A1,94,123
FOS,107,117
CCL21,114,102
CCL25,92,117
PTGS2,91,117
PAX5,86,109
PLAU,112,112
FABP6,90,122
CYP4F11,93,131
CD177,93,110
SERPINE1,104,119
COL5A1,97,127
CHIT1,113,134
C4B,87,95
IGLC3,91,119
HLA-V,100,129
FCRLA,74,135
PI15,103,114
CSF3R,92,120
CFI,114,121
SULT2A1,111,114
COL3A1,106,128
TCL1A,105,125
LTF,94,127
ICAM1,108,106
SLC6A4,117,108
MT1G,95,97
FCRL3,88,102
COL4A1,102,122
APOC3,93,120
VWF,106,125
CD79B,123,118
ITGA5,97,108
MGAM,111,108
FAM3B,105,119
FCRL5,101,114
C4BPA,81,118
FAP,99,132
ALDOB,107,118
CD19,107,128
ZG16,102,117
UGT2A3,119,128
C4A,99,97
FCGR1A,101,125
IGHD,103,130
SULT1A2,90,127
COL1A2,90,103
COL14A1,108,136
TNR,101,116
NCF2,99,121
IL21R,110,123
SLC13A2,104,100
SLC2A3,102,120
PLA2G2D,107,128
C4BPB,99,115
MNDA,100,115
GSTM1,111,128
PDPN,112,131
JAK3,98,125
B4GALNT2,112,140
SLC15A1,102,130
IL7R,105,99
BMP3,98,105
STAT1,94,125
PDE4B,96,113
ANXA1,96,112
COL6A1,96,125
PRRX1,114,111
GSTA2,105,134
MASP1,113,115
KCND3,100,99
ITGB2,98,129
L1TD1,111,107
ALDH1A2,108,112
CREB3L3,96,105
CA1,90,124
RGS5,106,121
SLC7A9,79,117
VCAM1,110,121
TNFRSF6B,80,121
ADAMTS4,92,120
PRKCB,96,122
IGHA2,92,118
DAPP1,101,120
SLC28A2,94,111
FADS2,92,139
CHP2,98,110
C1R,106,120
INSL5,87,119
GBA3,108,123
SULT1A1,118,126
SERPINB5,103,111
COL6A3,108,117
MYEOV,92,119
DES,100,107
ITGAX,98,121
PTGDS,87,117
TDRD1,89,130
CFB,126,98
LYPD8,90,118
CCL3,99,146
SDR16C5,99,105
TIMP1,93,106
IGSF9,90,117
THY1,97,125
IL2RA,110,125
FCRL1,105,122
FN1,105,121
HOXD13,108,116
STC1,86,106
MT1F,103,114
OSMR,105,115
NTS,123,112
IL1R1,95,145
CCL4,106,128
MS4A12,112,101
TM4SF1,95,123
CD40,87,113
PXDN,94,114
SLC37A2,118,107
COL5A2,115,120
MUC12,112,127
TLR10,92,127
ADM,110,127
FDCSP,91,133
TNFAIP2,120,132
OTOP2,106,123
ADAMTS2,110,112
KYNU,100,135
TRPM6,101,148
F13A1,83,123
TDO2,108,116
NLRP2,94,109
CAPN13,99,126
UGT2B17,94,113
PRAC1,104,101
C2,96,114
CA7,106,128
ZC3H12A,106,135
NOTCH3,107,120
PCSK9,99,112
LAMP3,98,132
ADAM19,94,142
TFF1,91,115
THBS2,89,133
DUOXA1,99,129
SLC17A8,93,119
VNN1,100,117
CPB1,87,129
IL33,99,106
IFITM1,81,108
ST3GAL4,96,109
HAPLN3,82,131
RASSF2,110,130
MUC4,99,109
HSD3B2,95,148
CEACAM7,97,134
FGR,83,93
PLA2G7,123,112
NNMT,104,116
CA2,102,113
C6,103,126
LILRB4,101,124
PRKY,102,122
PLAUR,89,122
AMN,110,120
DERL3,101,123
LUM,97,131
PDZK1IP1,96,149
SPOCK2,106,130
NR1H4,85,118
MME,118,115
SLC44A5,92,117
SPP1,76,121
REG4,90,119
CXCR5,117,116
CDHR5,89,114
PSMB9,101,120
CLU,98,109
CD38,96,127
UGT2B15,108,99
FSTL1,110,132
AADAC,109,135
SRGN,113,124
MYO3A,99,115
SLC23A1,100,102
TFPI2,87,114
KLHL6,78,130
ANPEP,87,105
C2CD4A,96,134
OAS2,93,117
WDFY4,95,122
PTPRC,92,123
COL8A1,108,142
CD83,94,109
CPS1,92,119
MEF2C,98,115
ITGAL,119,115
IGHA1,106,132
CCL22,106,106
PDGFRB,116,121
SLC25A34,84,117
BEST4,120,116
AKR1B15,117,132
MMP2,81,128
FCRL4,99,132
LAX1,107,130
VPREB3,110,110
TM4SF5,99,119
IGLL5,121,122
PLB1,120,126
THEMIS2,96,134
SLC27A6,99,104
NEU4,97,110
KHK,87,144
HLA-DOA,108,114
GREM2,105,127
BLK,91,113
SLC11A1,93,138
FCER2,108,131
CD180,95,131
CKB,90,117
SELP,106,119
ABCA8,94,112
TRIM29,102,116
GPNMB,95,130
CD53,103,133
GRAPL,106,116
LTB,131,108
CARD11,92,121
PITX2,122,126
FGF7,101,111
MYH11,106,120
CPXM1,95,102
SLC30A10,82,123
SPIB,95,110
ANGPTL2,98,108
CA4,106,131
ITLN1,115,131
CLCA4,84,115
FOSB,104,123
ACSL1,95,120
ACTG2,83,130
GZMB,105,112
CD37,103,109
S1PR1,93,125
ENPEP,104,115
C7,81,112
COL4A2,106,117
BRINP3,109,120
INPP5D,89,104
COL6A2,92,98
ENPP7,97,126
SERPINB9,100,111
FAM163B,98,125
TAGAP,106,123
APOE,94,114
TM4SF4,120,118
CTHRC1,84,119
IFI6,79,138
ADIRF,100,131
WNT5A,87,128
FADS6,97,137
PADI2,104,125
CLDN18,102,120
NPTX2,110,115
RFTN1,106,117
FCGR2B,99,113
CYP2B6,101,109
MS4A8,98,103
CD274,79,108
BACH2,96,113
APOL3,94,131
ABCB1,126,131
GDPD2,99,115
IKZF3,94,106
CFH,93,125
ADAMTS1,95,110
CHI3L2,118,121
CD93,110,109
RHOH,96,117
LILRA6,81,126
HCG4,104,119
SP140,110,115
PLXNB3,131,117
TGM2,104,101
FMO1,90,125
SPARCL1,94,160
TRIM40,87,112
C1S,117,125
AQP7,87,127
CYBB,102,117
NTRK2,98,121
SFRP1,105,118
CD28,97,116
CEACAM6,116,115
PHLDA1,107,115
RAB31,115,118
UNC13D,100,123
CCL23,105,124
CTLA4,125,116
BTK,89,107
CEACAM18,83,124
APOL1,103,108
ACSL4,85,118
GAS1,110,123
MXRA5,87,104
LCK,104,127
PYY,113,149
FSCN1,100,130
ALDH1L1,102,127
C11orf86,107,101
SLC39A5,98,126
P2RX5,109,144
LILRB2,104,131
TPSB2,100,113
CEACAM20,99,115
SLC28A1,94,111
TRAF1,97,124
CHGA,122,114
PIK3CD,82,113
HLA-DQA1,77,94
FABP2,90,98
CRISPLD2,94,122
SPARC,95,122
PRDM1,126,121
PIGZ,113,98
SLA,94,111
SLC7A5,94,103
LTBP2,83,110
PTAFR,108,126
LOXL2,88,96
CLEC17A,94,105
BEST2,107,108
TYMP,80,141
HLA-DOB,108,112
IGLC4,113,97
IKZF1,114,124
IL10RA,113,119
EMILIN1,106,111
SLC17A4,93,120
SLC23A3,103,121
TNFSF11,119,127
TRIM22,90,145
LILRA5,110,140
NAT8,100,127
ACE,105,116
IRAK3,83,138
CNN1,114,122
IGLC7,78,117
PCOLCE,97,130
PLCG2,102,116
PPP1R18,95,132
TRIB2,103,132
SASH3,106,112
CTSE,110,119
SEMA7A,127,117
IL16,87,116
MEP1A,94,124
SLAMF7,103,125
APOBEC3A,83,128
LIMD2,113,125
UBE2L6,87,135
DYSF,99,131
TIMP3,100,110
MSN,97,129
CHST15,117,144
PPP1R16B,89,117
VSIG2,83,106
ADAM8,117,139
ITGAM,93,142
ALOX5,95,117
CEACAM5,83,130
LINC00955,83,125
SLC5A11,94,136
CDH5,92,114
CHRDL1,97,100
SUSD2,108,107
CNTFR,96,127
TM4SF20,107,137
HLA-DQB1,97,136
GBP3,102,123
CCL13,122,104
DOC2B,96,128
CCDC80,87,123
SNX20,90,120
CIDEC,114,118
SLC16A9,105,113
EDN2,75,117
NLRC5,100,114
CDHR2,100,115
AEBP1,105,116
ISG15,76,136
FLNC,115,139
SULF1,101,134
LRG1,120,116
OTC,97,126
LBH,107,131
FADS1,82,128
HSD3B1,133,129
VIP,109,133
GPD1,99,107
AIM2,106,114
SLC26A2,106,123
FAM216B,97,102
CIITA,100,125
LGALS2,92,127
TNS1,98,114
ADH1B,111,125
SOX8,95,112
RASSF5,115,94
LEF1,102,110
LCN15,105,110
MMRN1,104,104
MUC17,95,125
BCL2A1,93,116
TCF4,105,119
HBEGF,80,126
CLC,110,133
LPCAT1,95,139
HLA-DQB2,83,135
LSAMP,102,117
RETNLB,98,123
GJA1,107,126
CCR1,108,102
CHST2,84,118
SLC9A3,104,116
LYZ,114,105
ST3GAL1,108,134
CD48,106,112
CDH11,95,111
SLPI,101,140
FIBIN,104,124
MST1L,97,121
GPR183,95,127
MMP28,99,113
SLC6A20,91,114
MCAM,82,150
TFF2,115,133
ADH1C,85,101
MRC2,87,134
HLA-G,86,137
CD163,100,106
TREML2,95,118
RAC2,96,123
SLC14A2,87,125
ZBP1,98,133
MOGAT2,111,120
ATF3,87,114
TNFRSF13C,103,124
DDIT4,104,105
CLDN1,96,116
UGT1A1,118,114
TSIX,97,119
ORAI2,106,115
NID1,109,115
BST2,105,115
IER3,99,126
DPP10,97,109
CLDN2,90,118
HSD11B1,99,117
MEFV,110,92
LILRB3,121,116
FOXQ1,104,152
SLC2A2,111,122
DCN,108,104
DHDH,111,121
SAMSN1,105,137
TFCP2L1,95,124
SOWAHA,88,129
ARHGAP25,96,120
IFI16,112,117
IRF1,91,136
IL23A,84,118
SIGLEC14,122,134
ST6GAL1,108,118
CXCL12,100,116
BCL6,98,121
SPINK1,100,116
AFF2,94,118
LEFTY1,112,115
TAP1,98,136
THBS1,85,139
TRPV3,95,136
CTSL,118,112
RSAD2,88,141
HLA-F,88,124
PFKFB3,121,121
RGS1,90,123
TGFBI,104,123
POU2F2,92,147
NCKAP1L,100,111
PDCD1,99,99
TSPAN11,81,137
IL22RA2,92,123
IFI44L,90,117
DCHS2,112,110
PLA2G12B,94,116
SLC51B,98,115
DOK3,98,124
PLA1A,82,126
CYTIP,99,106
SYNPO2,104,117
REEP6,85,114
OTOP3,94,109
SPNS2,105,111
IGFBP7,94,116
MT1E,118,115
RHBDF2,95,144
TNFRSF9,104,114
ABI3BP,95,126
ANKRD22,112,127
ENPP3,96,113
IGKV1D-8,105,115
NOX1,97,134
LRAT,106,122
GCNT4,99,116
SLC5A8,101,111
RAB17,92,114
TMEM252,90,107
ONECUT2,97,137
C8G,96,121
VNN2,110,114
PLEKHO2,98,115
FBLN2,101,110
NAMPT,112,119
CHST11,95,102
TRIM31,114,131
INPP5J,105,154
COL5A3,100,106
TMC8,99,123
ELMO1,99,102
KDR,108,135
CXCR2P1,88,124
IL1R2,97,120
TPSAB1,105,112
PAPLN,96,122
LDHD,111,126
ACSF2,83,109
CCL24,95,106
LRRC15,115,120
DHRS11,104,134
P2RY8,91,125
CPA3,108,136
LILRA1,89,137
LYPD5,96,120
TUBAL3,80,127
DSG3,98,108
TNXB,97,122
SCNN1B,96,106
C17orf78,100,117
DRAM1,109,116
TNFRSF17,99,106
CD72,108,125
ARHGAP30,110,113
FMNL1,107,116
LCP1,106,112
CORO1A,92,113
UGT2B7,97,114
EFEMP1,105,114
SLC5A1,109,116
GRIN2B,104,121
COL2A1,72,112
TCF7,93,121
BIRC3,89,122
TNF,95,119
CASP1,101,138
TSC22D3,92,107
IL12RB1,107,115
PTPN7,102,123
G0S2,98,125
ALPL,100,116
LAMA1,93,104
VAV1,109,129
SLC52A1,90,121
GP2,101,129
HCLS1,119,99
DOCK2,98,111
FKBP11,89,125
DUSP4,109,140
IGLC6,105,133
GGT1,91,137
SLC52A3,106,129
NXPE4,98,134
SLC2A5,91,122
CCR4,98,113
MYO1F,88,106
TNFSF13B,90,120
GPT,89,121
LILRB1,90,142
NLRP6,111,125
AKR1C1,84,112
SCD,100,124
NFKBIZ,109,113
PCDH17,100,103
DPYSL3,99,109
ARHGAP9,89,141
CNR2,93,135
SLFN11,109,125
NR4A3,91,138
IFITM3,94,128
NAPSB,96,119
SERPINF1,112,124
ACE2,99,137
CCL5,81,99
LCP2,105,115
TM6SF2,97,129
PLVAP,84,123
MYO1A,85,111
TLR4,116,135
TNFRSF10C,92,125
SBNO2,99,120
CD1C,126,114
AOC1,95,144
FERMT2,106,116
ISG20,111,123
LMOD1,95,122
TNFAIP3,118,131
SLC1A3,96,123
LAMA4,121,108
SNX10,105,113
FBN1,102,130
SOCS1,117,122
RCSD1,90,142
B4GALNT3,91,101
RASGRP2,132,120
PCDH11X,94,99
FCRL2,111,113
ACTA2,103,118
FABP1,106,129
ITGA8,97,132
IFIT3,94,133
XAF1,96,112
MSLN,100,118
TIFA,95,121
C1QB,121,145
IGFBP2,110,131
FILIP1L,107,127
RBMS1,93,119
FFAR2,91,120
RIMS4,98,118
NFAM1,109,125
SCIN,121,112
AGT,94,97
HOXA13,115,115
C5AR1,95,115
CD84,111,117
CCL4L2,110,121
TMEM163,99,119
FKBP10,97,108
VIPR1,104,104
VCAN,101,116
GCG,101,109
CD86,101,115
BATF2,110,117
TNFAIP8,106,100
TRAF3IP3,101,105
HDAC7,111,134
QKI,116,105
LRRC18,96,142
PLAT,95,134
CYP2J2,92,108
CYP4F12,85,124
RRM2,98,127
NFKB2,93,135
PREX1,108,144
HCK,103,122
SCNN1G,102,123
TMEM82,93,124
GIMAP4,106,123
CP,126,115
LPL,92,94
C1QA,110,110
APLNR,117,114
LINC00861,101,128
HAPLN1,117,128
GBP2,103,127
FLNA,102,117
DDR2,116,107
CD44,81,117
FGF10,99,132
HEG1,94,140
PLXND1,111,112
STC2,94,125
CD27,112,121
HLA-DPA1,111,121
ITGA4,94,116
IL27RA,104,116
ADAMTS9,114,126
STOM,108,131
ITK,97,123
CYP2C18,115,136
STAP1,117,125
DENND5A,89,138
NFATC1,94,121
LAMC1,100,113
KCNAB2,108,102
CD36,88,103
THNSL2,113,114
HDAC9,96,128
ISLR,89,122
THBD,91,126
RARRES1,96,119
SLC3A1,99,139
TLR8,114,122
TBC1D10C,115,131
SST,110,118
FYN,103,96
CD6,109,104
WIPF1,111,132
SH3PXD2B,92,142
TMEM132A,102,139
LDLR,109,121
LGI2,91,139
HGF,86,114
PHGR1,92,106
SLC39A4,121,106
LRRK2,102,137
CLEC10A,106,128
FMNL3,95,136
TRAC,90,108
CCDC88B,104,117
USP2,96,127
GPR176,103,126
GPR15,110,126
GPC6,105,130
SLC1A2,103,122
LGALS9C,82,120
RSPO3,99,100
CYP2D6,108,117
BTNL8,94,119
SPINK5,91,124
KCNN4,97,117
GALNTL6,96,123
CCR2,90,133
PDLIM3,112,115
MEOX1,109,135
P2RY10,107,117
RAMP3,94,134
CALD1,91,115
OASL,86,102
ENTPD8,83,122
B3GNT8,108,122
ARHGDIB,105,135
GFPT2,103,114
IL17REL,106,111
CNR1,93,127
ABCC2,86,124
CLDN15,104,127
RARRES2,96,109
ARID5A,91,112
CLDN3,102,106
NR4A1,107,122
CAV1,104,98
CYP2C9,104,129
AQP12B,85,122
FLT1,109,131
NPTX1,108,132
TPM2,87,144
FLRT2,106,121
BASP1,104,120
TLR2,81,98
GEM,112,116
SAMD9L,111,108
MLXIPL,102,123
LCT,107,115
RASGRP3,100,98
ACY3,105,129
FLI1,89,121
RASA3,107,129
NCOA7,98,143
DNAH8,99,113
CD80,100,126
PBLD,96,123
ERRFI1,104,129
MAFF,95,117
CALCRL,106,105
CD52,102,118
HK3,108,121
CELSR1,99,116
GJB3,107,134
SFRP5,95,114
CDK14,97,116
BACE2,115,132
RGS19,111,123
DPT,107,137
VIM,88,110
GOLT1A,102,113
ITIH5,108,126
CHGB,96,125
HHIP,84,124
MGP,96,125
FBLN1,94,115
MFGE8,117,118
SLFN5,112,125
CAPN9,106,124
BTNL3,101,120
HTRA1,96,127
ITPKA,115,125
IL2RB,108,130
EGR3,90,100
SEMA4D,102,123
PLTP,92,122
EDN3,95,118
ETS1,103,139
LAMA5,94,144
DAB1,89,109
IGSF6,99,135
PIK3AP1,99,136
HSD17B2,113,109
IGLV1-50,91,116
ISX,106,106
CLMP,96,138
TRBC2,94,116
ALPK2,109,113
CPNE5,103,138
PTGFR,105,121
F2R,107,129
URAD,102,131
SYNM,104,140
FGFR1,85,120
GPX2,86,113
NRP2,108,136
EVL,96,102
ST6GAL2,112,132
BTN3A3,95,122
HSPA6,106,120
ANTXR1,105,106
LAMC3,108,106
CSF1,82,131
AREG,109,128
SHANK3,93,139
PIM3,101,124
FLVCR1,108,143
PARVG,110,111
STRIP2,100,131
RND1,109,130
GABRP,105,123
TLR9,112,138
IYD,121,111
ATP8B2,107,126
CPA2,98,119
B3GNT7,76,141
TRHDE,85,105
MFSD2A,91,109
NOD2,95,124
PAQR5,119,106
NCF1,104,123
SIK1,110,118
SLAMF6,83,147
SEMA3B,89,119
APOBEC1,117,116
MCOLN2,97,138
CLEC2D,108,142
SLC19A3,111,125
GZMK,94,125
ALDOC,88,100
TMEM47,81,133
MB,106,140
SELPLG,106,117
HVCN1,111,110
SLC7A11,112,127
PGM5,118,95
FCER1G,75,132
PCDHA4,97,117
CLIC4,108,117
TMPRSS15,108,120
CA12,87,116
ARHGEF6,81,101
SLC38A5,96,123
CSF1R,94,111
CHAD,112,127
PDK4,105,123
KCNH6,90,115
AKR1B10,98,120
CHN2,94,111
TPH1,97,119
PKLR,99,116
FCAMR,106,121
FGD3,88,101
S1PR3,103,138
ROBO1,99,119
ICOS,97,128
COL22A1,113,115
PRTG,112,118
TMEM158,93,139
LAIR1,96,110
DUSP1,96,108
TNFSF8,102,104
ENPP2,93,108
SLC22A5,93,123
PRODH,85,113
RHOBTB2,89,124
LYN,104,123
ZG16B,97,114
SHBG,101,107
CLIC6,109,117
SCAMP5,111,124
FHL1,105,128
PRSS22,99,133
BHLHE40,109,125
MEOX2,91,138
DUSP5,102,117
VSIG4,112,113
LGALS9B,117,121
HIF1A,110,127
SLC9A2,101,110
SORBS1,89,103
OLFML2B,106,97
ANXA6,117,116
ADCY7,93,115
KCNN3,109,117
HLA-L,100,128
CD4,103,112
APOBEC3G,110,132
GLDN,107,113
DUSP2,119,139
ZEB2,117,112
GFRA1,103,114
EPHA2,96,102
FAM78A,91,120
RDX,100,120
CES3,97,131
CLEC7A,104,120
HAVCR1,103,103
WWTR1,103,111
TFF3,96,122
STEAP4,121,138
SCN9A,112,130
F2RL2,110,128
TMEM220,116,110
ELOVL5,98,109
IFI27,91,129
PIK3CG,93,132
FGFR3,110,125
SDK1,108,138
HOXD10,86,134
NUP210,121,133
RHOB,116,126
PTP4A3,114,130
ANGPTL4,104,100
CYTH4,106,122
SDC2,105,130
STX11,101,103
HLA-DRB1,111,133
DCHS1,82,135
SLIT3,100,129
JSRP1,113,116
PTPN13,98,114
LIMK1,124,120
PARP15,104,109
JAM3,110,112
ZEB1,98,134
MUC20,112,125
LINC00278,104,129
AFF3,89,117
NELL2,108,137
EVI2A,89,120
LTK,93,115
PARP9,99,108
ARL4C,117,110
SLC17A9,97,117
CD69,112,126
MSRB3,101,114
SIGLEC1,100,109
MX2,93,130
CD207,96,108
LEAP2,97,106
TMEM37,84,121
CD300A,105,123
ANXA13,99,123
LIFR,104,110
PER3,81,112
ALDH1A3,122,101
PHYHIP,122,143
APOL2,97,112
SDC3,119,118
CD3D,92,110
CYP7B1,100,127
MS4A7,114,113
MAP4K1,76,116
ELK3,103,120
CD2,99,115
PLLP,104,111
HMCN2,95,125
KLHL5,100,134
ABCG8,95,122
AOX1,98,104
AATK,99,104
LRRC32,99,118
GLCCI1,95,103
GZMA,100,106
CTSG,95,110
APOL4,94,125
FGD2,103,110
SLAMF8,103,119
GATM,97,122
TAP2,99,96
HLA-DRA,110,120
MYO1G,90,97
EMP1,102,113
LAMC2,95,139
RAI14,86,113
PRKAR2B,81,118
HLA-DPB1,86,119
CYP3A5,94,152
EDNRA,82,110
TNFRSF12A,105,142
ENKUR,106,124
HES5,105,123
DMRTA1,107,136
FXYD3,91,133
CASQ2,90,126
MT1X,93,129
BCAT1,111,126
DPP4,98,112
CNGA1,110,133
TAGLN,98,108
GBP1P1,105,127
SELENBP1,101,115
PYCR1,111,136
PDGFRA,99,134
TPPP,96,111
TBX18,116,125
CNTN1,111,89
CLSTN3,95,129
GP1BA,91,115
CFP,89,108
ANO5,134,115
LINC00494,79,109
SLC1A7,119,119
GVINP1,105,110
SLC26A3,90,111
ANXA5,106,112
TMEM253,113,118
ADAMDEC1,92,104
RGCC,105,135
EPSTI1,94,113
TMC4,99,124
WDR72,101,119
DISP2,104,119
HK2,100,113
TCF21,100,138
ZAP70,90,146
CCL8,113,139
EREG,102,128
GJA5,108,105
BTN2A2,94,119
MADCAM1,99,120
SH2D1A,81,136
TMEM72,103,125
SMIM22,85,107
AOC3,104,137
PRSS23,98,104
SEMA3G,109,122
CD14,88,106
LINC00261,124,94
NXPE3,100,118
TMEM154,97,120
ABHD12B,93,118
MXRA8,85,141
OGN,98,124
LY6E,95,130
SOX6,97,115
RASAL3,110,133
EPHB3,98,140
SMOC2,86,143
PCSK1,84,130
CD5,88,111
SPON2,98,98
TNFRSF1B,108,133
HLA-DMB,102,115
LY9,102,107
MYC,85,119
CCL28,109,110
PRELP,103,135
MYO5A,90,141
DHRS9,81,105
IL4I1,91,126
GLP2R,95,118
SGK1,110,120
TMEM178B,77,121
SLC38A4,103,105
PSAT1,92,112
COL6A5,100,112
FFAR4,102,126
TIE1,74,134
HYAL1,94,143
NTN1,78,128
NQO1,90,101
RPS6KA2,110,134
SLC5A4,113,117
EVPL,94,106
AKAP12,82,122
ELN,100,127
MEI1,111,95
TENM4,78,101
RGS16,105,106
RNF183,96,125
NRP1,84,116
LDHB,105,126
HLA-DRB6,106,125
CCNO,88,115
PNOC,78,123
GHR,98,111
CDC25B,90,127
CHN1,115,133
TLR6,103,114
PIK3R5,103,122
ZNF532,96,105
LOX,81,119
BIRC5,108,121
LRRC8C,89,131
CD247,104,108
LRRN2,97,116
CNN2,101,127
EBI3,97,132
NFKBIA,105,108
LY96,107,128
PER1,106,137
ACADS,90,99
NFATC2,96,114
PCDH18,101,126
CPZ,106,124
HLA-DMA,110,122
DUSP6,86,131
C16orf54,84,124
LSP1,90,116
SIGLEC10,104,123
CLIC2,91,125
XDH,74,104
PRSS8,95,120
CRIP1,96,137
BMP5,102,112
SCRN1,106,109
S1PR4,94,115
ELL2,101,123
PDZRN4,98,144
SCGN,90,111
DTX1,118,107
DOCK8,117,140
AXL,103,126
NCF4,81,113
KIF12,92,107
FNDC1,104,122
PTGR1,89,113
SYT11,113,101
DDC,123,131
SERPINE2,97,127
IGDCC4,98,107
TYROBP,98,128
SH2D3C,93,123
PLS3,98,122
SCUBE1,98,137
F3,109,113
MX1,97,118
HELZ2,95,119
MDFI,107,118
LYVE1,97,96
PKIB,101,123
PTPN1,101,129
CD34,98,105
KHDRBS2,93,132
SLAMF1,122,117
WSCD1,97,123
NLRP1,101,116
DSE,86,114
CYP4F3,109,108
MAOA,99,134
GDA,94,147
DGAT1,111,120
ITPR1,100,125
CCDC3,115,135
GMFG,98,131
CYYR1,96,112
TSPAN32,92,113
ADAMTS12,108,101
NRG1,99,120
AMOTL1,104,130
PLEKHO1,94,121
CPVL,85,110
C3AR1,97,103
EPHX2,106,128
RNF150,107,116
OAS3,101,112
CLEC12A,93,132
SIT1,114,124
CRELD2,85,95
ERN2,101,124
MAF,95,126
HSPB8,110,125
GLB1L2,117,115
BCHE,100,131
AK4,102,126
ACAP1,103,114
PTPRCAP,104,106
PIEZO1,96,104
ACP5,103,120
NES,98,108
TMEM200C,92,125
MDFIC,113,127
PILRA,97,115
LIPG,95,128
CTSH,116,128
LPXN,92,102
PLEKHG2,93,118
CYP3A7,114,127
EGR2,112,128
ZBTB16,91,108
SHISA3,111,127
ST8SIA4,91,112
TSPAN1,87,98
DAAM2,100,115
GAL3ST1,79,100
BTLA,86,109
RGS13,96,110
HSPG2,109,124
MFAP4,96,107
CYP27A1,94,138
COLEC12,110,125
KCNQ5,113,116
SPHK1,105,122
SCG2,92,125
CCDC69,116,108
AQP3,115,136
WNK2,110,120
NR0B2,108,120
SEMA4A,105,125
CA9,89,123
HTRA3,111,132
TNNC2,102,149
SULT1C2,103,113
HEPACAM2,107,119
PDE9A,102,115
GAS7,96,127
LGALS1,92,128
RASGRP1,126,112
ICAM2,104,125
PYGL,105,125
ITGB7,89,122
CSTA,100,103
COL23A1,108,131
CFD,121,94
FMN2,112,119
PFKFB4,82,125
BATF,104,119
CADM1,98,141
NAGS,89,116
TNFRSF13B,92,117
MISP,112,131
GPSM3,109,120
AQP1,99,123
RUNX3,111,99
SLC46A1,116,134
SCARA5,94,112
TYRP1,99,100
PLEKHG6,95,135
TMTC1,104,111
TMEM119,97,109
LDB2,107,128
KLK12,92,143
IL12RB2,94,114
AKR7A3,103,114
HAVCR2,110,110
FOXF1,87,108
TTR,100,130
CX3CL1,95,122
GALNT15,111,116
SLC41A1,97,112
MYOM3,114,113
OLFM1,91,110
HOXD11,98,116
PTGS1,100,116
GPX7,94,128
MMP19,96,118
CASC9,112,132
TTC9,107,116
FASN,107,95
MRO,87,124
GRAP,121,125
COL17A1,104,124
TESPA1,89,120
DOCK11,110,119
APOC1,86,134
ALOX15,104,110
UNC93A,117,115
GAPT,90,109
EMILIN2,92,118
THRB,95,120
SPAG4,105,106
RHOU,113,133
ALOX15B,106,120
PALMD,85,123
ADAMTS9-AS2,116,146
ACOX2,100,117
LAT2,107,101
KLHL14,96,120
RASGRF1,96,108
EDNRB,110,122
NOS3,96,129
OLFML3,66,136
IGFBP3,99,117
RAPGEFL1,114,115
GABRA2,100,118
CEP55,84,119
CSF2RA,101,115
KCNJ16,113,121
MT1A,112,120
TNFSF15,101,128
PLCB2,105,117
CHST3,90,105
LRP8,110,104
SLC1A1,81,101
THSD4,104,117
UNC5CL,108,125
CAPN8,108,144
ARHGAP29,92,114
PDGFB,98,124
CH25H,106,143
KCNJ10,106,115
GNG4,100,100
TBX3,97,139
SPN,116,117
ZNF488,107,125
KLF12,121,115
LONRF2,104,128
PRDX4,97,109
SQLE,96,124
PLXNC1,116,131
FUT3,106,138
PROM1,89,125
SNX29P2,99,135
APBB1IP,108,124
KCNJ8,102,135
WAS,96,123
GPX8,102,126
ASPN,92,132
PLN,91,108
XBP1,103,124
FRAS1,94,125
STAP2,88,120
RORC,108,132
MANF,101,119
BTN3A2,85,110
RGMA,93,118
CYFIP2,95,106
SIRPB1,97,119
LILRB5,113,126
RSPO2,97,136
SLCO4C1,97,113
LAP3,112,128
EHD3,130,132
CES2,105,133
CCDC88A,91,137
SIGLEC12,121,128
COL19A1,116,133
SLC35G1,95,120
EOMES,112,123
CBX6,93,102
EHD2,89,115
PTK7,103,134
FUT6,87,106
HYOU1,97,128
STEAP3,95,126
SV2B,109,107
MIR155HG,95,118
FZD7,93,138
RGS2,83,124
ST6GALNAC6,98,118
CYBA,111,115
FCHSD2,98,125
TNFRSF4,111,120
TGFBR3,93,126
EDIL3,109,125
NFASC,91,110
CD8A,103,106
GNB4,114,114
CPXM2,98,124
AGMO,106,127
TMEM25,106,112
ADAM28,92,133
KPNA2,103,127
PDCD1LG2,86,117
RAB30,97,107
ABCG5,84,112
CILP,109,114
IMPDH1,94,115
TMEM156,101,118
SIGLEC15,97,110
TEK,97,105
BTN3A1,108,139
VGLL3,113,130
ANKRD44,90,124
EFNA1,104,113
ITPKB,102,109
GCNT3,110,146
LRP4,97,123
TBX10,93,133
DEGS2,102,92
CSGALNACT1,102,128
PIK3R3,114,106
ACTN1,100,130
NR4A2,106,114
KIF21B,127,124
CYBRD1,86,109
NLRC3,111,122
OLFML2A,103,121
LTBP1,83,123
ACKR4,94,126
ADAM12,87,125
ESPL1,87,111
SECTM1,102,139
BCL2,105,123
P2RY13,102,144
SIGLEC5,126,107
CCR3,95,123
MICB,103,107
MAOB,98,106
LAPTM5,99,120
KCNE3,97,122
CD209,94,114
MSC,100,125
VASN,106,140
OSGIN1,104,133
PROM2,120,125
IRS1,110,131
VWA1,97,107
SERPINH1,114,116
MS4A6A,100,119
NEGR1,83,123
ASRGL1,86,120
SLC7A7,95,123
ITGB3,98,101
TNK2,100,108
KANK2,85,113
OSR2,123,117
DNASE1L3,122,112
IHH,104,112
MMP25,84,113
GLRA2,98,134
CD40LG,94,119
ALDH1L2,94,117
CSRP2,94,110
GNA15,100,128
PIP4K2A,98,142
ADD2,85,124
ASPG,97,112
SMOX,106,110
HCP5,96,114
ABCC6,99,136
CHL1,99,145
NKX2-3,106,125
MOCS1,106,120
SLC2A6,99,121
CARD8,90,108
SEMA3E,102,121
AXDND1,93,122
DACT2,100,104
RHOQ,98,109
MMP14,122,119
IFNAR2,92,117
S100A4,97,93
MSR1,100,127
RCAN2,110,101
KLK1,114,122
DKK3,92,111
GRAMD1A,80,129
KCNJ3,90,115
CALU,98,114
EPHA3,90,134
ATP2B4,97,138
FENDRR,99,120
FPR3,108,102
MS4A4A,96,111
HHEX,94,120
IQSEC1,96,115
PKDCC,99,112
ZCCHC24,113,101
PPP1R14D,84,115
WNT11,92,122
F11,99,111
JAK2,88,119
SLC43A2,98,103
ECHDC3,99,122
TFEC,94,111
ASB2,99,126
ABCC1,111,131
FGD5,91,137
FUT2,109,125
CBLC,102,107
C2CD4B,104,110
FGFBP1,92,122
AKT3,106,114
TGFB3,88,116
KCTD12,91,123
FNBP1,101,126
JUNB,88,112
FAAH,101,115
TBXAS1,86,95
GIMAP7,96,113
JUN,92,123
TF,90,100
COL9A2,89,120
CCR9,101,128
PCDH7,111,117
WTAPP1,101,129
SCIMP,112,140
CASP10,81,117
ICAM3,88,116
CHRM3-AS2,84,110
SULT1E1,106,123
CELF2,103,134
MDGA1,93,140
PLP1,82,122
AGPAT2,83,109
PODXL,101,136
HYAL2,102,129
HAAO,104,109
MEG3,94,117
C1orf115,99,99
OR51E2,79,125
EML1,78,126
COL8A2,87,126
CDC20,105,117
IL3RA,113,119
SLC22A4,101,113
MLKL,95,129
C1QC,93,113
LZTS1,89,128
MFAP5,90,109
ITM2A,103,125
IFI44,92,126
GIMAP6,105,136
LMCD1,115,112
RNF186,94,117
RASGEF1A,90,132
TCN2,121,115
NUCB2,97,114
GATA5,83,126
GPR65,93,114
PRNP,108,108
SPI1,90,107
RBPMS,85,140
CD163L1,110,115
PPARGC1A,101,106
PLCD3,108,98
PRR16,121,123
TRIM15,85,143
ARHGAP4,102,120
HHLA2,96,121
CSGALNACT2,93,126
IL22RA1,88,100
SLCO4A1,92,134
SH3BP5,88,116
PDE10A,105,125
CERCAM,101,111
MRGPRF,96,132
BIN2,110,111
CEP170,101,131
CMKLR1,95,117
HNF1A-AS1,95,121
GIMAP8,106,126
SVOPL,107,118
ADAMTS7,88,132
SVEP1,97,112
SPDEF,92,131
ITGA9,113,118
PCED1B,85,147
SLC12A4,108,109
ABCA2,102,119
CTSC,103,143
JAM2,113,131
BTG2,90,112
KIT,95,107
RGS4,108,108
CD109,103,118
ASS1,87,116
MEF2B,117,107
TACSTD2,99,105
SNN,101,127
GNG2,90,139
ADH6,102,121
ENTPD1,115,129
HSP90B1,86,111
CLDN5,100,112
GDF15,99,133
EVI2B,95,111
IL1RL1,92,124
IFIT2,98,114
SNAI2,110,130
TNNC1,91,111
SORBS2,91,111
EYA2,87,116
BAIAP2L2,103,125
ADAMTS15,77,115
GPR132,107,119
CDA,98,111
BHLHA15,93,110
TFPI,107,131
FAM95B1,100,129
ERG,92,130
GGT5,116,120
NGEF,87,110
SH3TC1,99,135
DOCK10,94,120
MAP4K4,110,104
PRAC2,94,118
CHDH,94,112
DAO,89,111
RELT,101,117
ANXA3,109,114
CWH43,101,125
NID2,78,135
MAP3K8,98,136
P2RX7,101,132
PRF1,106,127
MXRA7,105,108
TWSG1,88,122
HRH2,93,121
OSR1,105,123
SLC2A1,103,112
AZGP1,99,120
MT2A,117,124
SLC2A12,95,115
PIK3C2G,99,111
TSPAN9,80,121
GJA4,103,139
ARHGDIG,94,110
PROS1,106,123
LMNB1,114,122
ID4,95,119
NEUROD1,93,111
MPST,91,111
SORCS2,92,97
SLC27A4,105,123
AGRN,77,121
MATN2,90,128
PTPN6,91,123
ERBB3,89,130
AKNA,113,126
TRIM9,101,105
CD3E,81,121
CDX2,111,137
CEBPE,106,126
CD59,111,111
SH2B3,99,117
GM2A,109,109
GRAMD1B,96,108
TK1,103,124
CD74,101,122
TNS4,107,122
MTHFD2,98,133
SCNN1A,97,114
ASPA,121,123
SH2D6,122,122
FCHO1,82,149
EMP3,93,115
SIPA1,97,143
MAP3K3,104,100
ZNF831,85,139
CDH13,100,126
GLIPR1,113,120
SFN,100,115
MOGAT3,98,135
FERMT3,96,121
DLC1,115,109
BOC,121,127
CBFB,99,105
GNLY,96,117
MFNG,87,128
SNHG5,93,109
TMEM200A,112,107
IL20RA,103,125
CD1E,100,126
INSIG1,101,121
GRIA4,94,112
FKBP5,96,141
IFIT1,92,114
APCDD1,86,108
STAT5A,96,119
NTRK3,115,124
ARID5B,110,132
MOXD1,97,123
ROBO4,115,124
CLEC14A,106,100
ACOT11,106,115
ME1,99,132
NRCAM,89,121
CD8B,111,120
ANLN,99,133
ARHGAP23,88,111
QPRT,99,114
ARHGEF1,112,122
IKBIP,95,122
LINC00402,105,110
SEC14L1,105,147
TSPAN4,87,124
TRPM5,93,106
SHCBP1,114,117
TRAF5,116,123
PDLIM7,83,133
TGFBR2,109,115
DOCK4,112,130
PLXNA1,110,124
NUGGC,93,102
GIMAP5,107,125
ZNF385D,105,126
CHAC1,83,117
PDGFD,113,133
TRPM4,113,124
GRAMD1C,102,150
CCNB1,98,120
ST8SIA1,92,111
FLT3,96,117
FAIM2,81,106
NCF1C,109,121
LY86,86,122
PCED1B-AS1,89,120
KCNK5,108,126
KCNS3,112,149
GABRB3,95,96
BUB1,87,114
CPE,111,116
TEF,98,99
CD96,115,128
SUSD3,105,130
WFDC2,104,126
MRAP2,94,104
CAPN6,86,135
ZBTB7C,86,123
FADS3,77,94
ARHGEF17,109,137
NMNAT2,93,110
SMAP2,103,115
NRROS,102,130
CXCL14,103,99
PRR15,80,117
AQP11,101,121
SLC19A1,89,112
SLC9A9,97,100
RBBP8NL,77,120
CLCN2,92,122
GPR17,68,133
PLCB4,71,102
SIRPA,104,126
LAMB2,114,118
BMP4,93,114
SLC16A3,123,122
RUNX1,102,112
CCR5,94,116
ITGB2-AS1,83,97
CMTM7,90,120
GPA33,118,110
SHH,94,138
SLC43A3,102,124
CD320,91,106
PDE6A,96,123
CREB5,97,107
TPSG1,113,130
ANKS4B,125,122
ATP1A2,93,114
FXYD5,94,118
SMTN,90,121
EPS8L1,94,95
MKI67,98,127
ANKRD33B,77,118
MMP15,123,121
NOTCH4,81,125
FAM20C,94,102
NXN,103,136
DEPDC7,90,121
TREM2,99,105
ELMO3,81,114
HOTTIP,102,105
STON1,95,126
SYTL1,91,111
ARHGAP15,81,134
PTPRS,104,122
USP32P1,104,128
NCAM1,114,130
SIRPB2,98,112
LRRC37A4P,88,105
ACKR3,96,116
PARM1,118,125
PXDC1,101,116
PRDM8,101,115
AIF1,89,113
MYH14,107,127
ITPRIP,113,117
CYP26B1,94,114
CYP1B1,112,88
CSRNP1,94,118
HS3ST3A1,97,118
PMP22,91,117
MYRFL,106,133
SLC26A7,94,119
DIO3OS,118,106
SLC1A4,103,116
TLR1,97,119
PLEKHS1,94,132
EPHB2,85,89
ATRNL1,96,115
TMEM92,101,118
SRD5A3,96,121
SGK2,106,111
MUC13,100,97
P2RY14,118,128
ABCA7,81,107
CHSY1,98,122
STAT5B,108,125
SLFN13,112,117
ANK2,106,129
COL4A6,102,111
CCDC85A,97,127
SAMHD1,104,118
CLSTN2,106,135
MYO15B,107,125
FGFR2,102,115
SLC36A1,104,137
TUSC3,113,109
TRPV2,107,100
KLRB1,104,128
LINC00926,113,113
VASH1,99,110
IFNG-AS1,95,144
PLIN2,94,112
DEF6,122,126
NAAA,112,131
CCNA2,114,109
TGFB2,92,118
VLDLR,84,102
MPEG1,106,105
PTPRM,112,127
ASAP1,86,114
GGA2,92,135
CHRNA7,98,130
RNF145,105,118
LAT,93,129
TST,104,121
CMA1,109,112
DEFB1,94,132
NLRP3,107,122
GNG11,93,135
SCUBE2,93,127
A4GALT,78,123
EPB41L4B,95,108
IL15RA,91,117
SLITRK6,97,111
SH2B2,93,99
CST7,97,108
TMEM125,107,121
MYO16,112,117
GJC1,94,123
CRYBA2,101,118
MRAS,92,129
AMPH,99,128
STMN3,90,107
DTHD1,121,119
MYOCD,106,126
DNMT1,97,126
KNG1,90,111
CCBE1,98,137
FBXO6,93,114
ENTPD3,102,115
TNFRSF11B,98,137
CCDC71L,110,139
MCTP1,95,89
SH2D7,116,129
RASSF8,81,130
GCHFR,97,128
CCR6,95,114
VEGFA,91,128
UBE2C,93,125
CEACAM3,98,124
BST1,101,130
SETD7,81,136
SLC16A1,131,132
AHNAK2,96,143
C1QTNF1,97,122
AIFM3,95,124
APIP,84,119
PGAP3,88,131
BCAS4,91,113
GPR35,111,115
IL18R1,87,100
VSTM2A,92,100
SCN7A,121,114
COL21A1,111,110
ABCC9,102,107
CARD6,95,131
PRCP,116,127
CNTN3,107,105
IL6ST,94,115
SEC14L5,104,145
GLUL,108,114
MYLK,97,128
CNTN4,119,146
SGIP1,103,119
ADAMTS5,113,119
RIPK4,103,131
PCK2,108,121
ADARB1,106,144
GLI3,120,123
CBR1,88,121
FRZB,104,125
MYBPC1,92,106
ETV7,92,109
A2M,104,116
CXCR6,106,103
TMEM45A,95,131
ADCY5,97,122
PLAC8,135,117
CASR,115,124
NKG7,95,106
LGR5,96,103
MTSS1,98,122
CDH19,99,129
TRIP6,102,129
GGT6,129,121
MLIP,112,102
GCNT2,104,120
SEMA3D,98,130
APOLD1,98,116
IRF7,84,110
PIK3IP1,85,123
ARHGAP31,96,122
USH1C,83,123
GDPD3,111,134
L1CAM,91,117
TMPRSS6,93,110
SATB2,99,109
GALNT2,94,136
STAT3,94,139
ESAM,104,112
GADD45B,105,154
ANK1,93,118
LAMB1,107,125
GYPC,102,118
SEC1P,118,106
BMF,116,103
MYH10,88,130
GALNT8,93,106
AGTRAP,98,127
SFTPA2,95,123
ABCA4,94,113
DLGAP5,91,136
SESN3,105,107
ANO6,107,114
ITGB4,95,107
NCS1,99,127
CBS,91,139
DCDC2,106,119
NOTCH1,110,126
STEAP1,107,139
PZP,105,121
ADCY3,105,117
SHC3,96,129
MAFB,120,131
TMEM63C,89,101
RIPK2,105,118
HOXB6,87,108
ODC1,109,111
LAMB3,97,121
HKDC1,115,136
NLGN2,80,124
FAM43A,109,131
HIP1,102,107
FOLR2,88,139
NPNT,104,128
TMEM255A,93,108
PITX1,90,114
TRPC4,98,135
PTPRH,108,120
PITPNC1,97,120
CFL2,117,128
MROH6,98,138
EGLN3,110,127
COL4A5,99,143
MDK,93,112
EMB,100,128
RUNX2,85,105
SEMA6B,90,145
SIRPG,103,123
EBF1,109,124
EPS8L3,91,136
HMMR,106,124
PTCH1,101,134
PDZRN3,87,122
PLCB3,98,129
UNC5B,132,123
QSOX1,96,119
PDE7A,101,128
FLT4,103,123
TRAT1,105,109
ARHGEF35,102,130
PKP3,102,114
PAPPA,104,113
PPP1R12B,102,118
TRPA1,87,124
SFXN3,104,125
SLC6A6,97,117
ADAMTS8,117,121
TPX2,114,118
ERBB2,101,107
SOSTDC1,110,127
TPRN,87,115
CD200,101,118
VSTM4,102,117
IFNLR1,110,116
ABAT,95,108
CDK5R1,108,101
CARD16,104,120
VSIG10,82,124
SDF2L1,112,120
GREB1,104,139
PEG10,93,132
RERG,92,112
RAMP1,95,131
MUC2,127,118
DIO2,98,130
MAP1B,103,161
CDK1,87,126
RBM38,89,120
PRSS3,103,122
FIBCD1,112,132
NPIPB15,100,131
DPY19L1,116,135
ARL14,113,101
RAP1GAP,105,120
MYOF,101,142
NOTCH2,89,123
KIFC3,86,106
VIL1,94,128
EPHA7,108,104
GRK5,97,125
BMP6,119,145
ST3GAL5,104,106
PLD4,89,103
BEND4,111,120
NDNF,95,133
TMEM229A,86,130
STMN2,96,116
CYP2W1,103,112
EMID1,88,114
AKR1C3,97,105
ZNF257,114,100
MGAT3,84,151
OAT,92,131
GPC3,95,102
FAM167A,91,104
SGCD,88,115
JPH2,89,129
C12orf75,89,113
SLIT2,114,117
TBC1D9,99,127
MS4A2,109,125
NEURL1B,110,115
BHLHE41,108,111
BCAS1,107,106
SSPN,81,117
LIX1L,103,129
RNASE1,79,114
MYBL2,95,114
KIF11,95,143
IL18RAP,83,120
PPP1R14C,75,115
CD7,95,121
FRMD6,116,111
DOK2,111,128
NHSL1,94,136
IL1RAP,83,133
EDN1,119,113
SPON1,109,127
BEND5,84,117
KANSL1-AS1,89,114
SULT2B1,92,118
MYO7B,106,115
HTR1D,108,106
GLYCTK,101,123
PLCB1,91,123
ARHGEF3,93,112
PLOD2,99,124
NBEAL2,115,113
RBP5,89,116
RNF157,117,117
CDC42BPG,91,134
STK10,112,130
CLEC2B,107,144
LPIN1,96,117
NPIPB5,104,116
CMAHP,110,98
EPS8L2,89,125
PTN,112,125
FEN1,80,129
PLIN4,101,121
DHCR24,104,124
GJB1,90,144
GRAP2,98,131
TSHZ3,107,120
XCR1,90,130
CASS4,96,119
RIMS3,95,117
PTK6,112,146
NUSAP1,126,111
TCEA3,111,116
GRB7,108,97
TMEM54,84,115
SLC44A4,113,120
SYP,106,110
PTGIS,105,137
NUPR1,111,126
EPHB6,103,116
PTGER3,108,127
IGFALS,104,119
PKIG,117,116
GSTM3,91,101
MCM5,103,133
PTGES,110,122
ABI3,86,104
CRIP2,110,116
DCLK1,82,137
RAB23,106,121
RGS14,80,113
SSUH2,119,113
C14orf132,91,115
F5,105,111
SEC11C,93,110
AP1S2,97,127
GALNT12,93,130
ABCC3,108,100
VWC2,104,122
AMPD1,109,116
SLC16A4,113,127
SLC4A10,96,111
TMPRSS3,117,105
INSC,98,131
IGF1,104,117
PYHIN1,112,118
CLRN3,100,133
TMC5,100,125
FBLN5,101,124
AMPD3,81,135
AGR2,84,126
SUCNR1,96,119
PITPNM3,111,105
UHRF1,111,121
COBL,109,115
VWDE,99,117
TSHZ2,92,127
SULF2,98,109
MPDZ,101,111
SMAD7,105,110
EAF2,102,117
NT5E,92,109
ATP2C2,91,113
ROR2,81,114
SWAP70,97,123
SLC15A3,102,133
MVD,102,117
TACR2,87,115
HS6ST2,91,130
GPRC5B,111,127
KCNA2,87,135
PPP1R15A,103,126
TLR7,101,132
ESRRG,108,119
FGFR4,92,102
GULP1,88,111
ITGA11,84,136
ATOH1,81,113
ALDH3A1,99,129
CADM3,96,132
PRKCH,94,124
EMCN,88,123
CDC42EP2,102,116
KIF26B,88,145
PSTPIP2,121,131
CLGN,86,126
WNK4,84,103
SPIRE2,108,104
PTPRZ1,98,130
CYGB,105,109
PLK3,109,123
RBM24,90,114
GALNT6,95,121
TMEM150B,102,126
GK,98,112
KLF4,102,111
LRRC25,109,116
IRAK2,89,121
PLA2G4F,80,137
ADRA2A,113,124
STARD8,90,129
C11orf21,88,121
ABCC13,102,102
SDK2,100,103
GLT8D2,94,124
NPL,90,118
PTPRU,108,121
BLNK,102,113
SLC29A1,104,101
NHSL2,99,117
GPRC5A,102,115
CYSLTR1,102,131
VSNL1,113,112
ANK3,95,116
FCGRT,83,113
LST1,104,129
PTCHD1,83,127
ZNF521,104,120
NEBL,82,113
RAB8B,95,118
REP15,78,100
PLEKHN1,90,132
TINAG,88,129
CYP27B1,96,106
ANGPT1,105,103
PAM,99,119
PIWIL2,77,132
SLC29A4,102,130
CDH1,108,113
LIPA,92,122
SLC6A12,104,128
PRKAA2,93,138
GSDMB,101,114
NLRP7,109,103
SLC6A8,86,121
HSPA13,89,131
WFS1,107,121
CRYL1,102,123
DNAJC5B,87,125
TRAFD1,94,123
TJP3,93,134
CPED1,94,101
TM4SF18,91,124
TENM2,97,137
NR1I2,91,103
EGF,102,114
RILPL2,96,116
MST1R,108,128
ABHD6,92,132
RHBDL2,97,115
OGFRL1,95,126
LAMP5,113,120
PLEKHA2,109,124
SLC37A4,129,113
DIO3,88,133
KIF1A,95,113
COL24A1,104,120
TMEM139,85,108
ARHGEF34P,104,104
FREM1,102,104
KLF7,94,116
EFEMP2,103,114
MMP11,96,131
ABCD1,92,120
DZIP1,97,127
MPZL2,110,113
ANO1,96,104
NCAPH,102,117
CTSF,86,104
KIF23,92,124
MAPK11,101,122
EPB41L2,96,118
HS3ST3B1,97,132
ZNF704,94,121
CMPK2,120,105
ARSJ,117,123
TSPAN33,107,116
SREBF1,98,120
KIF2C,98,126
BCL6B,96,119
HNF1A,86,111
TMEM184A,87,119
ZDHHC11B,98,126
SULT1C3,105,132
C1orf210,106,116
PRC1,99,128
AURKB,96,131
CD3G,109,133
PTPRF,112,144
GLRX,102,139
C19orf38,100,116
TGIF2,100,123
ID1,108,126
NXF3,111,129
COL11A2,98,118
CIB2,99,120
PSMB10,100,113
IQGAP3,94,108
ITGA3,106,114
CKS2,80,129
HR,111,118
MAP3K6,106,115
PSMB8,103,124
NUAK1,107,131
CNTRL,113,116
TNFRSF18,93,114
ANP32E,101,125
CKMT1B,119,121
ARHGEF15,84,125
SEMA3A,103,134
MXD1,97,116
ANGPTL1,138,124
PTPRO,103,118
PPL,101,130
SPINT1,117,145
LMO2,107,104
PODN,109,121
CHODL,98,114
PDK2,87,125
SMPD3,95,116
GNAI1,114,115
CAPG,92,133
BLVRA,89,132
PCDH19,90,113
HSPA1B,103,145
FUOM,83,111
SORCS1,115,135
LIN7A,108,127
CKMT1A,93,122
ADAMTSL4,104,127
HLF,108,138
CDR2L,97,131
UBASH3B,100,114
SNX29,83,107
SCEL,96,110
COL27A1,100,143
RASSF10,108,112
PDIA4,105,105
GIPC2,92,108
IGHJ2,102,120
SLC16A14,105,132
DNASE2,102,108
CACNA1C,108,128
PRKACB,103,133
RBP4,97,108
GIMAP1,87,117
BATF3,103,106
EPHA10,94,125
SEMA4C,95,105
EGFLAM,127,118
DMRT2,105,117
DENND3,101,116
NR2F1,88,128
PDIA2,105,119
BMP7,86,104
CDC14A,99,103
WNT2B,107,119
TTYH3,108,115
KLK11,92,117
ADAMTSL3,85,113
FAM47E-STBD1,106,124
ACVRL1,94,114
UPP1,97,128
GATA6,121,115
STS,101,117
PML,75,132
SPRY4,109,115
CES1,114,127
IRF5,99,112
UNC5D,90,130
WDR17,90,120
BICD2,98,106
RAB34,108,103
SFMBT2,101,136
CHPF,99,114
TOP2A,100,120
MAB21L2,81,106
QSOX2,84,109
RSPO1,112,119
HDC,86,131
HES2,90,107
TSPAN2,106,125
TAT,96,130
CBL,91,131
PACS1,120,118
LSS,102,111
CAV2,91,145
TINAGL1,110,131
HSPA1A,106,123
SLC25A10,97,118
MLPH,96,114
PBX1,105,125
TNFRSF25,86,110
MFAP2,81,132
CHRM3,99,112
ADH4,86,130
PHF19,101,122
NCDN,107,138
F10,105,126
EPHB4,91,112
ERN1,92,108
GSN,97,130
CCDC141,124,132
AKR1B1,93,115
CYB5A,116,120
COL9A1,106,115
CLEC4A,85,114
H6PD,117,121
TMEM98,78,124
LOXL1,81,116
CSPG4,108,126
ARHGAP24,107,122
BUB1B,96,115
TESC,89,123
ZSCAN18,97,121
IL17RE,108,128
MCM2,103,96
LATS2,103,117
ECT2,98,133
SLC23A2,100,128
HLX,103,107
ARHGEF10,91,129
MAGI2-AS3,101,117
DAB2,106,122
AGPAT4,95,119
HPSE2,104,129
UBE2E2,93,119
SERPINA6,122,133
KLK15,91,129
FZD4,116,113
ESYT1,113,114
SIGLEC9,98,117
MYCT1,89,137
ARRDC3,98,111
FAM225A,99,136
ADCY9,85,119
GNB5,101,117
BICC1,104,137
GNA11,102,125
AGAP2,118,120
IGSF3,93,112
RARG,109,109
BAG3,109,124
SMARCA1,102,110
MTNR1A,105,129
FAM107A,111,123
TENM3,97,124
BCL11A,94,97
HMGB2,122,130
CCNB2,103,111
TP53INP1,108,112
ARHGAP44,102,136
KIAA0040,107,121
LTBP3,105,126
CHRNA3,101,119
GRIK3,102,105
TXLNB,87,113
ZNF107,86,137
SGCE,90,111
GPR174,96,128
SASH1,91,112
NDN,105,113
MSMO1,95,127
SYT7,105,124
B3GNT3,97,117
PTPRT,94,105
TPPP3,116,121
MAL,98,113
RGS18,80,110
KIFC1,96,136
SLC39A8,115,97
HAS2,113,104
DPP7,105,112
SCPEP1,101,128
SNHG18,109,127
PKN1,94,107
BTNL9,107,119
SLC22A23,124,132
FGF2,91,121
PAPPA2,100,122
GATA2,105,115
KCNJ2,96,124
SEMA6A,100,109
PPM1M,97,97
KCNMB1,96,115
IL17RA,98,137
CAMK2N1,98,120
CYLD,104,121
HSPA2,98,128
GIMAP2,117,107
SSR4,101,121
CACFD1,91,93
CBLN2,96,115
CKAP4,110,119
MR1,95,116
NIN,104,114
F2RL3,109,114
PHLDB2,103,123
ZBTB10,106,113
NPY1R,104,129
C16orf89,106,122
PPP1R16A,103,116
RAMP2,105,120
PTTG1,112,108
STARD10,91,109
GZMM,88,128
FAM167B,97,127
FBXO32,83,122
VAT1L,108,124
ADORA2B,103,119
ADPRH,102,126
RASIP1,91,114
AR,106,127
RGMB,95,112
WWC3,110,134
OCLN,104,109
CD82,88,95
PBXIP1,95,116
PDPR,100,95
CGN,103,122
CDYL2,80,119
LINC00426,117,123
ARHGEF16,89,117
PANK1,99,110
ST6GALNAC1,100,118
UCHL1,89,121
SLC7A1,123,107
TMEM171,91,121
COLEC11,89,116
BDKRB2,92,116
FMNL2,92,140
CLIP4,93,124
NDUFB7,107,123
CD160,97,112
SEMA5A,96,110
PTPN22,96,117
HNF4A,89,117
PMAIP1,95,124
TRAM2,75,132
NR1D2,113,115
PEPD,91,116
SRGAP2,111,132
PAMR1,121,138
ELOVL6,102,124
AGR3,102,117
HK1,98,116
SLC25A37,104,119
ST3GAL2,126,126
RAB39B,100,117
TMC6,104,128
TMPRSS4,111,126
PLK2,104,122
MAN1C1,108,95
PHACTR1,103,114
ST6GALNAC5,121,124
IRF8,89,144
NCF1B,91,136
CDC42EP3,97,113
GPC1,103,120
ADAM23,100,132
CALHM2,111,122
OSBPL3,91,132
FGF14,108,122
CTSW,94,92
IL34,90,105
SLC16A2,108,121
ARHGAP28,102,130
CLEC3B,99,118
ZNF469,87,111
TGFB1I1,96,111
MITF,92,120
ADAMTS10,106,114
ST6GALNAC4,92,115
ECSCR,93,107
ITM2C,96,115
OVOL1,116,105
HTR4,123,109
TCIRG1,104,129
DNAJB9,106,138
NETO2,103,124
CASP4,99,120
LIPH,116,125
CPA6,103,133
IPCEF1,75,129
PRR15L,84,120
NAT2,112,129
MELK,110,124
SLC16A5,89,112
VASH2,92,135
ZNF366,106,123
DTNA,108,129
RCAN3,94,117
PRKD3,102,108
VILL,102,139
TRABD2A,98,127
NPR1,94,117
SERINC2,107,125
EPN3,123,128
NYNRIN,92,108
EPDR1,110,140
P4HA1,96,111
SYDE1,97,132
PMEPA1,87,123
SLCO3A1,119,111
RCN3,99,107
GRIK2,123,115
ETHE1,88,112
VANGL2,101,113
DQX1,95,113
SLC9A7,105,115
CNKSR3,103,111
GRIN3A,103,135
RPL22L1,116,128
TIFAB,113,113
CD300LF,96,119
SPPL2B,100,131
MYBL1,100,118
PGM2L1,91,126
CBX2,97,132
ROS1,93,133
RUSC2,98,136
LYPD6B,93,138
CDCA7,104,142
PHGDH,106,115
PDCD4,83,133
ENAH,99,106
FAM3C,99,126
TSPAN7,105,110
FOXA3,94,132
SPEG,105,128
PIM1,117,131
SDS,101,129
PLCG1,93,116
REL,102,131
GNE,107,121
PEX6,106,110
MCM6,103,151
TTLL6,102,109
PRICKLE1,106,104
KLRD1,100,129
APBA2,88,133
PALLD,110,118
CDCA5,119,124
DENND4B,91,120
TTYH2,112,120
PSME2,111,120
MFSD12,100,110
ESRP1,90,114
NREP,89,122
NFE2L3,83,122
ZHX2,102,113
SYT13,115,124
KIF20A,75,104
OGDHL,105,122
RUNDC3B,90,91
GPM6A,102,122
UCN3,105,136
ZNF727,98,128
PPM1F,93,95
GALNT13,93,114
MAD2L1,101,105
FBXO41,101,135
SYNGAP1,112,106
IL18,93,116
PRICKLE2,104,131
KCNQ3,102,101
KIF26A,96,118
FLVCR2,102,122
KLF5,104,115
ARNT2,117,124
HLA-E,101,110
TNFRSF11A,98,113
TPST1,103,125
JAZF1,103,112
HDHD3,94,125
VEGFC,102,111
NLGN4X,97,118
ARHGEF40,105,106
SNED1,110,125
FOXJ1,108,107
ALDH1B1,101,112
NTN4,113,132
KCNG1,80,124
WNK1,83,127
LFNG,112,129
ABCA3,114,104
FABP4,97,125
ITGA1,95,123
MYRF,100,119
IFFO1,111,122
HIF3A,97,120
HOOK2,125,148
ANKRD20A1,96,116
MPP1,99,110
CARD10,93,120
DDX21,96,108
WFDC1,100,122
DBNDD1,101,149
YBX2,98,132
FSTL3,93,125
C1QTNF7,105,147
TMEM229B,101,106
PLCL1,90,122
NGFR,111,122
SH3YL1,99,106
UBASH3A,105,118
EFNA2,96,118
CNNM4,111,126
LIMS2,105,117
PARP1,93,120
ADA,101,119
MMP16,109,119
BMPER,104,118
NRXN1,107,127
OXCT1,104,115
RGL1,87,120
CLEC1A,106,126
AOAH,105,117
ZNF512B,93,127
LIMS1,81,140
UBTD1,108,119
KCNMA1,104,120
MYBBP1A,98,126
DGAT2,107,119
CPNE8,99,118
RAI1,98,125
JAG2,98,116
SSC5D,114,105
NEDD4L,109,91
FCER1A,93,109
TSHR,86,118
CDKN1A,104,126
DDX43,90,128
OSBPL10,112,128
HERC5,101,110
TTC22,102,132
AMT,104,142
QPCT,110,122
ALKBH7,105,102
MYO1B,89,131
GOLM1,91,115
ZNF275,114,147
SAT2,105,135
SMO,104,122
NAV2,110,134
FLRT3,100,103
TMED3,89,129
PKMYT1,108,115
BICD1,119,107
ANKRD29,107,135
PXK,103,111
NLGN1,94,110
FAM111B,108,117
SLC39A6,102,117
KRT19,92,124
LITAF,117,110
CHRM4,102,111
CEL,108,146
SRRM2,104,112
DNPH1,104,123
KCNK1,98,123
DHCR7,96,107
IGSF10,91,89
SH3RF3,113,125
CD276,107,119
SPOCK1,104,133
PALD1,95,91
CLDN4,106,120
TRERF1,97,120
FOXP2,86,120
CHRD,105,107
NFKBIE,88,131
MAP1A,108,135
GPT2,124,121
CBX5,88,100
NDE1,104,135
CEP170B,92,118
TBC1D4,95,155
KREMEN1,96,112
ARHGAP11A,108,129
LGALS3BP,112,116
ABCG1,94,122
OPLAH,104,115
LAG3,104,136
IL6R,92,115
ULK3,71,132
DBP,94,110
CLCN7,97,101
POU2F3,88,113
HSPA5,74,121
HOXA11-AS,104,132
NINJ1,103,121
AGTR1,89,101
CDCA8,107,114
FXYD6,84,119
KLHL29,99,124
KRT20,102,118
LTBP4,132,109
KAZALD1,94,112
IL5RA,91,124
TLE2,96,96
BNC2,95,117
BAG2,89,117
TMEM63A,91,110
SLC2A10,94,110
RASAL1,101,122
TRIM58,113,109
HGD,89,116
ECM2,100,127
PARVB,96,117
ASB13,106,110
TAF4B,95,116
DACT1,111,142
HMOX1,97,131
IGFLR1,100,116
MAP3K14,115,112
RBM47,107,113
LDB3,109,118
SLC46A3,110,117
TTC38,92,129
RASD1,111,110
NAP1L1,118,124
LGMN,119,114
CLSPN,121,126
KLHL13,121,125
HSD3B7,102,135
PSAP,105,134
HCFC1,94,137
DHRS1,105,128
PEG3,92,138
AMOTL2,90,120
ARSD,105,113
MAGEH1,92,103
HSH2D,75,121
TMEM204,110,116
TAPBP,99,111
PPM1K,91,99
SPATA20,110,110
SGTB,95,118
TMEM141,83,121
CGNL1,102,124
DBN1,94,122
GNL3,84,123
TMEM150C,104,120
FGL2,106,110
MYB,105,129
ALOX5AP,103,129
IGFBP6,89,124
TMPRSS2,86,102
KIF5C,118,128
LRIG1,102,112
ADORA2A,100,123
HECW2,102,121
PC,106,157
ZC3H12D,102,137
GAA,109,106
ZMAT1,95,122
GALNT14,105,121
MAP9,110,133
ATP11A,104,132
TDRP,109,120
PFKP,84,130
PDK1,90,115
FABP5,86,125
FAM3D,101,136
