sample_id,tissue,disease,cohort
GSM1616912,colon,CD,GSE66207
GSM1616913,colon,CD,GSE66207
GSM1616914,colon,CD,GSE66207
GSM1616915,colon,CD,GSE66207
GSM1616916,colon,CD,GSE66207
GSM1616917,colon,CD,GSE66207
GSM1616918,colon,CD,GSE66207
GSM1616919,colon,CD,GSE66207
GSM1616920,colon,CD,GSE66207
GSM1616921,colon,CD,GSE66207
GSM1616922,colon,CD,GSE66207
GSM1616923,colon,CD,GSE66207
GSM1616924,colon,CD,GSE66207
GSM1616925,colon,CD,GSE66207
GSM1616926,colon,CD,GSE66207
GSM1616927,colon,CD,GSE66207
GSM1616928,colon,CD,GSE66207
GSM1616929,colon,CD,GSE66207
GSM1616930,colon,CD,GSE66207
GSM1616931,colon,CD,GSE66207
GSM1616932,colon,Control,GSE66207
GSM1616933,colon,Control,GSE66207
GSM1616934,colon,Control,GSE66207
GSM1616935,colon,Control,GSE66207
GSM1616936,colon,Control,GSE66207
GSM1616937,colon,Control,GSE66207
GSM1616938,colon,Control,GSE66207
GSM1616939,colon,Control,GSE66207
GSM1616940,colon,Control,GSE66207
GSM1616941,colon,Control,GSE66207
GSM1616942,colon,Control,GSE66207
GSM1616943,colon,Control,GSE66207
GSM1616944,colon,Control,GSE66207
