tissue,pathway,mean,std,n
colon,HALLMARK_BILE_ACID_METABOLISM,0.427990778195709,4.044953832039156,2198
colon,HALLMARK_EPITHELIAL_MESENCHYMAL_TRANSITION,0.4823862941860463,5.567870445967523,2198
colon,HALLMARK_IL6_JAK_STAT3_SIGNALING,-1.190395780620514,6.7862679209412295,2198
colon,HALLMARK_INFLAMMATORY_RESPONSE,-1.01238466271009,7.353633088775246,2198
colon,HALLMARK_MTORC1_SIGNALING,-0.2810180159994537,6.607744649758485,2198
colon,HALLMARK_P53_PATHWAY,-0.9457042810305262,5.942470214278715,2198
colon,HALLMARK_PI3K_AKT_MTOR_SIGNALING,-0.779945778798123,4.731639744892471,2198
colon,HALLMARK_TGF_BETA_SIGNALING,-0.1722745128392015,4.860621279563816,2198
colon,HALLMARK_TNFA_SIGNALING_VIA_NFKB,-1.18689497876956,7.561369003732866,2198
colon,HALLMARK_WNT_BETA_CATENIN_SIGNALING,-0.3473824183647694,5.132783309332735,2198
colon,KEGG_BILE_SECRETION,0.098011689072176,5.985122311754193,2198
colon,KEGG_CYTOKINE_CYTOKINE_RECEPTOR_INTERACTION,-0.9132548669849372,7.405849017286222,2198
colon,REACTOME_EXTRACELLULAR_MATRIX_ORGANIZATION,-0.2126244974232793,5.542202951548499,2198
colon,REACTOME_INTERLEUKIN_23_SIGNALING,-1.324544073242535,4.680104239821539,2198
colon,REACTOME_NOD1_NOD2_SIGNALING_PATHWAY,-1.540638742985177,6.319761013162114,2198
ileum,HALLMARK_BILE_ACID_METABOLISM,0.4188634224849651,3.88604028147476,970
ileum,HALLMARK_EPITHELIAL_MESENCHYMAL_TRANSITION,-2.134207023751843,5.970236864168264,970
ileum,HALLMARK_IL6_JAK_STAT3_SIGNALING,-1.2179138128110027,6.740120258785225,970
ileum,HALLMARK_INFLAMMATORY_RESPONSE,-2.169766384207097,7.579846557243143,970
ileum,HALLMARK_MTORC1_SIGNALING,-1.4195876790927309,6.085618674739221,970
ileum,HALLMARK_P53_PATHWAY,-0.5555732956174833,5.074723887424175,970
ileum,HALLMARK_PI3K_AKT_MTOR_SIGNALING,-0.6410241488427013,4.5080472102734666,970
ileum,HALLMARK_TGF_BETA_SIGNALING,-1.26281794073606,4.730504209051832,970
ileum,HALLMARK_TNFA_SIGNALING_VIA_NFKB,-1.0402025962268815,7.1048639787177565,970
ileum,HALLMARK_WNT_BETA_CATENIN_SIGNALING,-0.9306611006540562,5.259441110681313,970
ileum,KEGG_BILE_SECRETION,3.240987177722861,5.831524865766604,970
ileum,KEGG_CYTOKINE_CYTOKINE_RECEPTOR_INTERACTION,-2.101839902955018,7.652262731377671,970
ileum,REACTOME_EXTRACELLULAR_MATRIX_ORGANIZATION,-1.6665028265929094,6.422655232326396,970
ileum,REACTOME_INTERLEUKIN_23_SIGNALING,-0.6929744517968802,5.533478075366916,970
ileum,REACTOME_NOD1_NOD2_SIGNALING_PATHWAY,-0.9327522212971856,5.912557253263223,970
colon,REACTOME_TERMINATION_OF_O_GLYCAN_BIOSYNTHESIS,0.0467959093615254,4.927613917016647,2198
ileum,REACTOME_TERMINATION_OF_O_GLYCAN_BIOSYNTHESIS,-0.8770471121880324,4.471677252693769,970
