pathway,tissue,weighting_variant,dim_0,dim_1,dim_2,dim_3,dim_4,dim_5,dim_6,dim_7,dim_8,dim_9,dim_10,dim_11,dim_12,dim_13,dim_14,dim_15
HALLMARK_TNFA_SIGNALING_VIA_NFKB,colon,all_nes,0.7878753955506327,-2.5374911352689944,1.9081949128118545,-1.9307638595838728,1.6353958385963232,2.14295571305567,-0.7055129844190069,-1.2416651256542244,-2.0976206745033776,1.4398652844924589,0.9466324416047186,0.9526662848884134,-3.165526465601504,0.7301361060143716,-0.8868984257751413,-2.770463617845892
HALLMARK_TNFA_SIGNALING_VIA_NFKB,colon,significant_only,0.0,-2.5374911352689944,1.9081949128118545,-1.9307638595838728,0.0,2.14295571305567,0.0,0.0,-2.0976206745033776,1.4398652844924589,0.0,0.0,-3.165526465601504,0.0,0.0,-2.770463617845892
HALLMARK_INFLAMMATORY_RESPONSE,colon,all_nes,0.7309452342126683,-1.9625785128126771,1.2358698818182194,-1.500994446746034,0.7654353383017757,1.5967227963897432,0.9782747971586178,-1.1672914569910744,0.7450932091775767,1.2753177415880144,-1.167540860590735,-2.157442508668397,-2.272559850962108,1.0017790543731604,1.0208389660283306,-2.6476177538839187
HALLMARK_INFLAMMATORY_RESPONSE,colon,significant_only,0.0,-1.9625785128126771,0.0,-1.500994446746034,0.0,1.5967227963897432,0.0,0.0,0.0,0.0,0.0,-2.157442508668397,-2.272559850962108,0.0,0.0,-2.6476177538839187
HALLMARK_IL6_JAK_STAT3_SIGNALING,colon,all_nes,0.8409651683485605,-1.9909955543725757,1.415805031181197,-1.5472823632486257,0.6646446660370725,1.6019235469843478,0.5626226291190388,-1.1628001915499668,0.5966188501413351,1.3880335354077675,-1.0779532052534524,-2.354606353931843,-1.4019894855842752,0.8702765675700669,1.2475980453371582,-2.209547068420006
HALLMARK_IL6_JAK_STAT3_SIGNALING,colon,significant_only,0.0,-1.9909955543725757,0.0,-1.5472823632486257,0.0,0.0,0.0,0.0,0.0,0.0,0.0,-2.354606353931843,0.0,0.0,0.0,-2.209547068420006
HALLMARK_TGF_BETA_SIGNALING,colon,all_nes,1.1571616745082125,-1.4787725579525,0.9465898837933366,-1.3886351197888438,1.6463473769098156,1.809417541630533,-0.8117230953665162,0.6405271295545829,-1.270738458370487,1.145488711308701,1.4162089529730837,1.2949683380268535,-1.8332110106943356,0.867363134092373,1.0409147149661668,-1.4066531107793003
HALLMARK_TGF_BETA_SIGNALING,colon,significant_only,0.0,0.0,0.0,0.0,0.0,1.809417541630533,0.0,0.0,0.0,0.0,0.0,0.0,-1.8332110106943356,0.0,0.0,0.0
HALLMARK_EPITHELIAL_MESENCHYMAL_TRANSITION,colon,all_nes,-0.8981908852399473,-1.263618479132793,-1.596082262631154,-1.0087231180713734,1.5435561167169167,1.3672301597960568,0.6356430592697535,0.0,1.6515102315824055,1.500488769233684,0.6073426106480887,2.0250198453274013,-0.817386723367239,1.8119222021305548,0.7505991041726426,-1.0760461256284195
HALLMARK_EPITHELIAL_MESENCHYMAL_TRANSITION,colon,significant_only,0.0,0.0,0.0,0.0,0.0,0.0,0.0,0.0,1.6515102315824055,1.500488769233684,0.0,2.0250198453274013,0.0,1.8119222021305548,0.0,0.0
HALLMARK_WNT_BETA_CATENIN_SIGNALING,colon,all_nes,1.0321816420538563,1.6321795439364242,1.1833382282865934,1.0487144500577814,-1.3245065700073222,1.4429292706664958,-1.017247468960536,-1.2522852194181275,-1.5549053526906709,1.286837608132876,1.1394629396710354,1.0149832478917868,-1.179175977384467,1.033426887491578,1.154552978444793,1.6191046247470182
HALLMARK_WNT_BETA_CATENIN_SIGNALING,colon,significant_only,0.0,0.0,0.0,0.0,0.0,0.0,0.0,0.0,0.0,0.0,0.0,0.0,0.0,0.0,0.0,0.0
HALLMARK_PI3K_AKT_MTOR_SIGNALING,colon,all_nes,-1.0358769171153623,-1.039182009983049,-1.309839296271077,1.2742864477060598,1.3459788896609426,1.1724884358171217,1.0250970037321403,-1.534751249156125,-1.1914360766320422,1.1084443734957106,0.7543394006175936,-1.4339733208270835,0.9475135496005656,-0.8986836816747492,-0.8797866656540428,-1.3689330817508378
HALLMARK_PI3K_AKT_MTOR_SIGNALING,colon,significant_only,0.0,0.0,0.0,0.0,0.0,0.0,0.0,-1.534751249156125,0.0,0.0,0.0,0.0,0.0,0.0,0.0,0.0
HALLMARK_MTORC1_SIGNALING,colon,all_nes,-2.185280868459707,-1.3191042969317717,-1.8837781654564327,1.9610222915848652,1.9630986235118555,-1.2884283084304138,1.2024015628901836,-1.0300819244750663,-1.8675940351879672,1.4740547041012388,1.291557429615923,0.7088850473875004,1.8861315535299663,0.6261375803096791,-1.2686760881000982,-2.423755060253554
HALLMARK_MTORC1_SIGNALING,colon,significant_only,-2.185280868459707,0.0,-1.8837781654564327,1.9610222915848652,0.0,0.0,0.0,0.0,-1.8675940351879672,0.0,0.0,0.0,1.8861315535299663,0.0,0.0,-2.423755060253554
HALLMARK_P53_PATHWAY,colon,all_nes,1.2481825615309687,-1.730609579358266,1.0314093284916914,-1.1598638679993902,1.1384037469337065,1.502193926816097,0.799567678464664,-0.8333301082538832,-1.3316753029874906,1.243820532950214,2.040408699162525,-0.991457051278423,-2.135864278657828,0.5260411187583679,-1.0253768978366231,-2.174675911605724
HALLMARK_P53_PATHWAY,colon,significant_only,0.0,-1.730609579358266,0.0,0.0,0.0,0.0,0.0,0.0,0.0,0.0,2.040408699162525,0.0,-2.135864278657828,0.0,0.0,-2.174675911605724
HALLMARK_BILE_ACID_METABOLISM,colon,all_nes,1.18267408962997,1.145419502385593,1.112567943317477,1.0901480273537254,0.8934924605556289,-0.8329953199985503,0.9475544929651804,-0.5173697908168777,-1.039628565850689,-0.837340794419201,1.354590551680498,0.7655613961776205,0.9275827199439156,0.8964142025152914,0.7486719172556168,0.8622781892917699
HALLMARK_BILE_ACID_METABOLISM,colon,significant_only,0.0,0.0,0.0,0.0,0.0,0.0,0.0,0.0,0.0,0.0,0.0,0.0,0.0,0.0,0.0,0.0
REACTOME_NOD1_NOD2_SIGNALING_PATHWAY,colon,all_nes,-0.958936011155226,-1.5822761350081336,1.2000555138920614,-0.9731886939599884,0.8822083885418843,0.538811364039067,0.5384101157497,-1.3607238449401255,0.500683875630469,1.2306117020880438,-1.645534147670849,-1.5666353688307153,-0.8468344459647587,0.8264585820918672,-1.6939334247726197,-1.373452996484824
REACTOME_NOD1_NOD2_SIGNALING_PATHWAY,colon,significant_only,0.0,0.0,0.0,0.0,0.0,0.0,0.0,0.0,0.0,0.0,0.0,0.0,0.0,0.0,0.0,0.0
REACTOME_INTERLEUKIN_23_SIGNALING,colon,all_nes,-1.092425912703154,-1.4093290967588727,1.1503497484521497,-1.482727890026011,0.4773626635101586,1.009060946470394,-1.0039127877623122,-1.0739269995896643,0.8174679848141215,1.180805821728787,-0.5903252262932382,-1.2931472689406265,0.8575059994660835,-0.6470212484708208,-0.6643780624442333,-1.1998913162359888
REACTOME_INTERLEUKIN_23_SIGNALING,colon,significant_only,0.0,0.0,0.0,0.0,0.0,0.0,0.0,0.0,0.0,0.0,0.0,0.0,0.0,0.0,0.0,0.0
REACTOME_EXTRACELLULAR_MATRIX_ORGANIZATION,colon,all_nes,0.8050498690487862,-0.7402893113716537,1.2068665603954334,-0.8110263883744443,0.8973921383589629,1.2602192096679954,0.9228454932164362,0.0,1.737491642468806,1.6983537901321435,0.897496725581811,1.1343501429505778,1.6177020149848718,1.743387431431556,0.8433928199272718,1.3207255393610242
REACTOME_EXTRACELLULAR_MATRIX_ORGANIZATION,colon,significant_only,0.0,0.0,0.0,0.0,0.0,0.0,0.0,0.0,1.737491642468806,1.6983537901321435,0.0,0.0,1.6177020149848718,1.743387431431556,0.0,0.0
KEGG_CYTOKINE_CYTOKINE_RECEPTOR_INTERACTION,colon,all_nes,-0.769614992677911,-1.5175231454225873,1.1816807712797597,-0.7475905813155027,0.7934435392713896,1.7254498501986797,1.4698289837487013,-1.3189135275085135,1.5069948337379413,1.1595782439564355,-1.8880234775152211,-1.9551455340835684,-1.6097379172132975,1.0024148438360525,1.1433639047679829,-2.0951861781449783
KEGG_CYTOKINE_CYTOKINE_RECEPTOR_INTERACTION,colon,significant_only,0.0,-1.5175231454225873,0.0,0.0,0.0,1.7254498501986797,0.0,-1.3189135275085135,1.5069948337379413,0.0,0.0,-1.9551455340835684,-1.6097379172132975,0.0,0.0,-2.0951861781449783
KEGG_BILE_SECRETION,colon,all_nes,1.9087520455938496,-0.8642345743847928,-1.629404816300222,-0.9374909073535204,1.0638084768169187,1.2149824033306134,-1.2457095700507457,0.9677780744277662,-1.1263982768760257,-1.7702026909174673,1.4157820982453004,-0.7635358106012782,-0.5294735023892926,-2.2096596160837527,-1.2711232193451183,1.3779111982440286
KEGG_BILE_SECRETION,colon,significant_only,1.9087520455938496,0.0,0.0,0.0,0.0,0.0,0.0,0.0,0.0,0.0,0.0,0.0,0.0,0.0,0.0,0.0
HALLMARK_INTERFERON_GAMMA_RESPONSE,colon,all_nes,-1.5205696758227771,-2.387434536488801,1.1604818356150834,-2.4266721954591945,-2.007344317591505,-1.1644893700431185,1.3333819030677705,-1.4048032775139878,1.4266920947393091,1.0345205811169815,0.8184107725698349,-3.1586707134744607,-1.3648654516905323,0.7785910817299784,0.8099275411472515,-2.826293013391393
HALLMARK_INTERFERON_GAMMA_RESPONSE,colon,significant_only,0.0,-2.387434536488801,0.0,-2.4266721954591945,0.0,0.0,0.0,-1.4048032775139878,0.0,0.0,0.0,-3.1586707134744607,0.0,0.0,0.0,-2.826293013391393
HALLMARK_INTERFERON_ALPHA_RESPONSE,colon,all_nes,-1.906304868982182,-2.3429755848965947,-0.9074945642985738,-2.5292423900770102,-2.5733073430055367,-0.9193541938401976,1.1185126803264662,-1.4660355980021855,1.5248866731769677,0.7003110738003928,1.3893942010814493,-2.8022572545505917,0.7139916013527198,-1.0446574780331264,-1.5243725511778974,-2.528075456734215
HALLMARK_INTERFERON_ALPHA_RESPONSE,colon,significant_only,-1.906304868982182,-2.3429755848965947,0.0,-2.5292423900770102,0.0,0.0,0.0,-1.4660355980021855,0.0,0.0,0.0,-2.8022572545505917,0.0,0.0,0.0,-2.528075456734215
HALLMARK_COMPLEMENT,colon,all_nes,0.868176463260566,-1.9120569070080575,-0.7536624628998265,-0.9387165509358272,0.9803682871375732,1.1910860916672756,1.301811680476504,-1.106920071809644,1.212934579931808,1.1847985175670952,-0.943761653774398,-1.9523827030345544,-1.425574027620157,0.976264697171324,1.005666956402318,-2.50026265642653
HALLMARK_COMPLEMENT,colon,significant_only,0.0,-1.9120569070080575,0.0,0.0,0.0,0.0,0.0,0.0,0.0,0.0,0.0,-1.9523827030345544,0.0,0.0,0.0,-2.50026265642653
REACTOME_INTERLEUKIN_17_SIGNALING,colon,all_nes,1.1330370638478338,-1.5072391928720053,1.3402715566428205,-1.0679987577423358,1.4704986298930405,1.2113564112628517,0.5111501614554881,-1.0840593030228087,-1.5046974002780191,1.597893427020066,1.2418581990978446,0.6923113126940813,-1.6770162512394586,0.7906308781554737,-0.9077254170117024,-1.312656633284964
REACTOME_INTERLEUKIN_17_SIGNALING,colon,significant_only,0.0,0.0,0.0,0.0,0.0,0.0,0.0,0.0,0.0,0.0,0.0,0.0,0.0,0.0,0.0,0.0
REACTOME_INTERFERON_SIGNALING,colon,all_nes,-1.3873117983373089,-2.2363106977158687,0.8938347391875906,-2.172697597206605,-1.8891571049211555,-1.170404173946353,1.084622798027638,-1.3563774912679685,1.5064055746599263,0.9846627947533784,1.0709042921444754,-2.7170797957771664,-0.929618307378913,0.6456951907705952,-1.0209232749477175,-2.494841163989068
REACTOME_INTERFERON_SIGNALING,colon,significant_only,0.0,-2.2363106977158687,0.0,-2.172697597206605,0.0,0.0,0.0,-1.3563774912679685,0.0,0.0,0.0,-2.7170797957771664,0.0,0.0,0.0,-2.494841163989068
REACTOME_COMPLEMENT_CASCADE,colon,all_nes,-2.067627381664052,1.1623528443927138,-0.4843814068761921,-0.5679156201547519,1.6184173488270297,0.9189229462859504,2.107659495049362,-1.0674729456918066,2.121151761230821,1.0679237163494135,-0.8459416487924586,-2.200462203165395,-1.5437426223440622,1.2665629586171752,1.025759263248218,-2.4532625152044103
REACTOME_COMPLEMENT_CASCADE,colon,significant_only,-2.067627381664052,0.0,0.0,0.0,0.0,0.0,0.0,0.0,2.121151761230821,0.0,0.0,-2.200462203165395,0.0,0.0,0.0,-2.4532625152044103
KEGG_IL17_SIGNALING_PATHWAY,colon,all_nes,-1.9037309026158904,-2.045280044544172,1.271977350006819,-1.2001810591823103,0.980860858261008,1.6140096403426112,-0.6086357272109412,-1.220566633282927,-1.3143194674205496,1.3837189142149349,1.0873568587074265,-1.253013456829296,-2.2680684352441425,0.6051483079602277,-1.3661977764125683,-2.421937949878906
KEGG_IL17_SIGNALING_PATHWAY,colon,significant_only,-1.9037309026158904,-2.045280044544172,0.0,0.0,0.0,0.0,0.0,0.0,0.0,0.0,0.0,0.0,-2.2680684352441425,0.0,0.0,-2.421937949878906
KEGG_JAK_STAT_SIGNALING_PATHWAY,colon,all_nes,1.054543534967587,-1.3395585577968128,1.38234335443451,-1.3649843159800823,0.849062853552958,1.6370942531505437,0.5198665391650298,-1.218114854841021,0.5209080633474014,1.3215353435642323,-0.837986047371256,-1.8387428874603051,-1.1909032411466882,0.9618987101084636,1.174638330209128,-1.2561566218262403
KEGG_JAK_STAT_SIGNALING_PATHWAY,colon,significant_only,0.0,0.0,0.0,0.0,0.0,1.6370942531505437,0.0,0.0,0.0,0.0,0.0,-1.8387428874603051,0.0,0.0,0.0,0.0
KEGG_TH17_CELL_DIFFERENTIATION,colon,all_nes,0.548576215662776,-1.827243254874104,1.5684069759417671,-1.049675606154404,-1.3734112517564798,-0.8987880880059474,1.4379178528868926,-1.4681628456379912,1.200710904687211,1.0837369020557297,-1.5384675549284392,-2.150143761462595,-1.7742000618883205,1.1437112356468344,1.4247902212586203,-1.8111343135368048
KEGG_TH17_CELL_DIFFERENTIATION,colon,significant_only,0.0,-1.827243254874104,1.5684069759417671,0.0,0.0,0.0,0.0,-1.4681628456379912,0.0,0.0,0.0,-2.150143761462595,-1.7742000618883205,0.0,0.0,-1.8111343135368048
KEGG_NOD_LIKE_RECEPTOR_SIGNALING_PATHWAY,colon,all_nes,-1.5143245805522816,-2.1012747209461837,1.6532304190438818,-1.722139407613415,-1.3960109664350004,0.7583056567345761,1.1205446367856748,-1.3214947522865916,0.6111577673073306,1.1070338477379902,-1.082289564311787,-2.1214395000936603,-1.3372594571254892,1.000252963489519,-1.517631583725238,-1.832429554808831
KEGG_NOD_LIKE_RECEPTOR_SIGNALING_PATHWAY,colon,significant_only,0.0,-2.1012747209461837,1.6532304190438818,-1.722139407613415,0.0,0.0,0.0,0.0,0.0,0.0,0.0,-2.1214395000936603,0.0,0.0,0.0,-1.832429554808831
KEGG_COMPLEMENT_AND_COAGULATION_CASCADES,colon,all_nes,0.9269544372269,-1.598402684039608,-0.6431980930422045,-0.5561915630092911,1.167246449960644,1.6113199462104415,1.5050308956426688,-0.6052650916610256,1.4779627577188266,1.166313181535798,-0.8151260559185258,-1.545166876525771,-1.1961041362557283,1.32233896043182,-1.067830344425103,-2.131971269249304
KEGG_COMPLEMENT_AND_COAGULATION_CASCADES,colon,significant_only,0.0,-1.598402684039608,0.0,0.0,0.0,0.0,0.0,0.0,0.0,0.0,0.0,0.0,0.0,0.0,0.0,-2.131971269249304
REACTOME_COLLAGEN_FORMATION,colon,all_nes,0.9168555286453718,0.9333186899738396,1.2915565866424268,1.284276254880265,-1.209748742148969,1.7265308782783693,0.9652795450949474,1.4936980983295518,1.436001521726374,1.548409419334857,1.1558782173865976,0.5283232449535917,2.0276299702439866,1.6292042464703942,-1.2876242607393704,1.0525624382798895
REACTOME_COLLAGEN_FORMATION,colon,significant_only,0.0,0.0,0.0,0.0,0.0,0.0,0.0,0.0,0.0,1.548409419334857,0.0,0.0,2.0276299702439866,1.6292042464703942,0.0,0.0
REACTOME_COLLAGEN_BIOSYNTHESIS_AND_MODIFYING_ENZYMES,colon,all_nes,0.8863431085332008,1.0387017433159391,1.4906905894209967,1.1949714382295926,-1.3389545468452997,1.47374466414099,1.146878726997865,1.595035033329572,1.4313767759247906,1.5115669913688308,1.1111181570522728,0.7669983735282399,2.085474019245628,1.6959934777047976,-1.1121396059446833,1.7152403126367808
REACTOME_COLLAGEN_BIOSYNTHESIS_AND_MODIFYING_ENZYMES,colon,significant_only,0.0,0.0,0.0,0.0,0.0,0.0,0.0,0.0,0.0,0.0,0.0,0.0,2.085474019245628,1.6959934777047976,0.0,1.7152403126367808
REACTOME_DEGRADATION_OF_THE_EXTRACELLULAR_MATRIX,colon,all_nes,0.9324747061784384,-0.6772471143669724,1.2251963970830742,0.910147619167,-1.3013147952205082,1.683259041321317,0.9164685155354974,0.0,1.589064019764361,1.7613643238027703,1.1429273274338978,0.9023005376821572,1.4534715380213892,1.448286320583891,-0.8626910392732621,0.942169209693313
REACTOME_DEGRADATION_OF_THE_EXTRACELLULAR_MATRIX,colon,significant_only,0.0,0.0,0.0,0.0,0.0,0.0,0.0,0.0,1.589064019764361,1.7613643238027703,0.0,0.0,0.0,1.448286320583891,0.0,0.0
REACTOME_SIGNALING_BY_TGF_BETA_RECEPTOR_COMPLEX,colon,all_nes,0.8805126673386682,-0.86618089558879,1.21353557178514,-0.8547725983958332,0.9904708815515224,1.1441011575248958,-1.2728728108999856,1.1008157764967426,-1.4771201539835297,1.4792637156695525,1.3757563600115004,0.9353507815803672,-1.6426129874605095,1.4035744040524434,1.2787223471811378,0.9673352676119112
REACTOME_SIGNALING_BY_TGF_BETA_RECEPTOR_COMPLEX,colon,significant_only,0.0,0.0,0.0,0.0,0.0,0.0,0.0,0.0,0.0,0.0,0.0,0.0,-1.6426129874605095,0.0,0.0,0.0
KEGG_ECM_RECEPTOR_INTERACTION,colon,all_nes,1.2249998740685912,1.3317726059487962,1.371548557507484,0.6919940203217098,0.7858794995098028,1.0510444042671072,-1.066442911848508,0.0,0.9312450021965112,1.6044492188144308,1.2972947550098164,0.978499127571968,1.960513944988936,1.6320439822764834,-0.7952513945334839,1.5881010256499883
KEGG_ECM_RECEPTOR_INTERACTION,colon,significant_only,0.0,0.0,0.0,0.0,0.0,0.0,0.0,0.0,0.0,0.0,0.0,0.0,1.960513944988936,1.6320439822764834,0.0,1.5881010256499883
KEGG_FOCAL_ADHESION,colon,all_nes,1.2460611511579336,-0.5926616912811886,1.2232931220163643,-1.106572566509169,0.9767214554287288,1.0702679036118643,-1.3005851970811404,-0.6646078055889866,0.950791713658376,1.5946153844646,0.985974173188496,0.9514575448859892,1.1993426676549244,1.7352818477407792,-0.6601952000680965,1.4683256184996645
KEGG_FOCAL_ADHESION,colon,significant_only,0.0,0.0,0.0,0.0,0.0,0.0,0.0,0.0,0.0,1.5946153844646,0.0,0.0,0.0,1.7352818477407792,0.0,0.0
KEGG_TGF_BETA_SIGNALING_PATHWAY,colon,all_nes,-0.8163741262099453,-1.0760757017799776,-0.828440736301869,-1.2601448390717849,1.1126479120640216,0.691933237931202,0.8160130664053031,0.7962471868843028,0.9534499500531884,0.9480275700201608,0.9103705256969806,1.7954159192395032,-0.9645822516270856,1.3534700597963167,1.2169739462562166,0.9680810075735014
KEGG_TGF_BETA_SIGNALING_PATHWAY,colon,significant_only,0.0,0.0,0.0,0.0,0.0,0.0,0.0,0.0,0.0,0.0,0.0,0.0,0.0,0.0,0.0,0.0
HALLMARK_ANGIOGENESIS,colon,all_nes,-0.6747931382858959,-1.2183272600456398,-1.0629945173332638,1.4304238554317354,0.9377317145372148,1.567604483877008,1.2688115956160022,2.330128668240125,0.7991622042665313,1.1373320776351152,0.6182437719807238,0.5569188717287414,-0.4700474144946182,1.6046301211495069,-1.411328035250312,-1.1282094098593842
HALLMARK_ANGIOGENESIS,colon,significant_only,0.0,0.0,0.0,0.0,0.0,0.0,0.0,0.0,0.0,0.0,0.0,0.0,0.0,1.6046301211495069,0.0,0.0
HALLMARK_APICAL_JUNCTION,colon,all_nes,0.7796063317709753,-0.5956361871481339,1.146166614600008,-1.057570892850462,-0.944720714986982,0.9509858520345532,-1.4164594113208329,-0.7365707124655625,1.2781866282337866,1.5961399273275647,1.1754340031129764,0.9545440854477508,0.9625284484603106,1.4512749270452316,1.2014183055944423,0.9380350819542196
HALLMARK_APICAL_JUNCTION,colon,significant_only,0.0,0.0,0.0,0.0,0.0,0.0,0.0,0.0,0.0,1.5961399273275647,0.0,0.0,0.0,1.4512749270452316,0.0,0.0
HALLMARK_E2F_TARGETS,colon,all_nes,-3.072059717539036,-0.9485329847064526,-3.170518168258964,3.026351402526252,-1.1715700881112203,-2.8757734658240346,-0.7989755664497313,-1.5877321007569392,-3.5076708275543256,1.1470912517121106,1.915934768949384,1.2399638036626934,2.901331374718152,0.0,1.426773925863487,-1.796583803633937
HALLMARK_E2F_TARGETS,colon,significant_only,-3.072059717539036,0.0,-3.170518168258964,3.026351402526252,0.0,-2.8757734658240346,0.0,-1.5877321007569392,-3.5076708275543256,0.0,1.915934768949384,0.0,2.901331374718152,0.0,0.0,-1.796583803633937
HALLMARK_G2M_CHECKPOINT,colon,all_nes,-3.381419514989449,-0.8860899590792264,-3.20746129217846,3.127878380917554,-1.676641413811035,-2.5924021837863065,-0.9527027357537942,-1.472778055350396,-3.527491659663466,1.131365081072914,1.9295675965182773,1.3875776101367874,2.872779170031245,0.0,0.8565236807881311,-1.7688561299531016
HALLMARK_G2M_CHECKPOINT,colon,significant_only,-3.381419514989449,0.0,-3.20746129217846,3.127878380917554,0.0,-2.5924021837863065,0.0,-1.472778055350396,-3.527491659663466,0.0,1.9295675965182773,0.0,2.872779170031245,0.0,0.0,-1.7688561299531016
HALLMARK_MYC_TARGETS_V1,colon,all_nes,-2.356821995572167,-1.3696245972583936,-2.30798952583367,2.4000041866821933,-1.2549833868550806,-1.2278742238274665,1.0583120241574393,-1.331168764233598,-2.6538952135684544,0.7842114654410655,1.626168644035425,1.9417688631458592,1.9661067101135377,0.7930111894819178,1.5170483876223364,-1.8136412654384548
HALLMARK_MYC_TARGETS_V1,colon,significant_only,-2.356821995572167,0.0,-2.30798952583367,2.4000041866821933,0.0,0.0,0.0,0.0,-2.6538952135684544,0.0,1.626168644035425,1.9417688631458592,1.9661067101135377,0.0,0.0,-1.8136412654384548
HALLMARK_MYC_TARGETS_V2,colon,all_nes,-1.3431649104728491,-1.0204528662909451,1.0531699635156486,1.5291873811465675,-1.901298207888941,1.777733447912631,-0.751377234302867,-1.0216939719047091,-2.141620406452696,1.3700361082353147,1.5444122359340386,1.7148836330871693,-1.0584289967978442,0.7996541363436663,1.3661598188716204,-1.0760121148293569
HALLMARK_MYC_TARGETS_V2,colon,significant_only,0.0,0.0,0.0,0.0,0.0,1.777733447912631,0.0,0.0,-2.141620406452696,0.0,0.0,0.0,0.0,0.0,0.0,0.0
HALLMARK_KRAS_SIGNALING_UP,colon,all_nes,1.0352068857571168,-1.9669901688173392,0.7905095782966929,-0.7562382958652972,1.4545121749254777,1.2287957216637662,1.0129279330833048,-1.0688456794132113,1.0668966802729092,0.9134029445239428,-1.041646837076277,-1.2344123354018777,-1.7543085244525418,1.1392316298665095,1.2586448981722878,-2.0688524594404125
HALLMARK_KRAS_SIGNALING_UP,colon,significant_only,0.0,-1.9669901688173392,0.0,0.0,0.0,0.0,0.0,0.0,0.0,0.0,0.0,0.0,-1.7543085244525418,0.0,0.0,-2.0688524594404125
HALLMARK_KRAS_SIGNALING_DN,colon,all_nes,1.5770489403875354,-0.9819660296842414,1.01964193986078,-1.0590772485012276,0.9619429530456024,-1.0353673978709814,-1.182511684418551,-1.0676951170674929,1.0899263945326003,0.4394503406977804,1.3189621487862684,1.1713084411611026,-1.5213252452912631,0.3925085489921637,0.9342520478327988,1.1320622540552785
HALLMARK_KRAS_SIGNALING_DN,colon,significant_only,1.5770489403875354,0.0,0.0,0.0,0.0,0.0,0.0,0.0,0.0,0.0,0.0,0.0,0.0,0.0,0.0,0.0
REACTOME_SIGNALING_BY_WNT,colon,all_nes,0.7806901876294527,-0.6386297956719853,0.991146453588874,-1.2565997704890657,0.7429074217648812,-0.7680419580766619,-1.155128838967295,-1.052471204890783,-0.7099748035693306,0.9805297910774756,0.7011091451628663,1.0645546184942838,-1.316019820399198,1.4510140807908598,1.3646776166674195,1.967238180573571
REACTOME_SIGNALING_BY_WNT,colon,significant_only,0.0,0.0,0.0,0.0,0.0,0.0,0.0,0.0,0.0,0.0,0.0,0.0,0.0,0.0,0.0,1.967238180573571
REACTOME_SIGNALING_BY_WNT_IN_CANCER,colon,all_nes,-0.8181275130765503,0.7583985474499513,0.7293888881193127,0.6473328605172277,1.102331970110613,0.7607400056801248,-0.5424148276993458,1.3800318163812295,-1.3343081253819151,0.8518105881406082,1.052516195766284,0.5848957966605033,-1.0293710204489812,0.9208384876474782,-0.6743086727581639,1.4478890437848655
REACTOME_SIGNALING_BY_WNT_IN_CANCER,colon,significant_only,0.0,0.0,0.0,0.0,0.0,0.0,0.0,0.0,0.0,0.0,0.0,0.0,0.0,0.0,0.0,0.0
REACTOME_CELL_CYCLE,colon,all_nes,-2.888514254376492,-0.9080589702035984,-3.239189360833272,3.1045227581860444,-0.9738139176303344,-2.5686733437123013,-0.8458468973064498,-1.5550217964103046,-3.706669961928089,1.201653003163084,2.042313129922167,1.2578077099647615,2.881953802275077,0.0,1.1684041087996644,-1.753028449796847
REACTOME_CELL_CYCLE,colon,significant_only,-2.888514254376492,0.0,-3.239189360833272,3.1045227581860444,0.0,-2.5686733437123013,0.0,-1.5550217964103046,-3.706669961928089,0.0,2.042313129922167,0.0,2.881953802275077,0.0,0.0,-1.753028449796847
REACTOME_DNA_REPLICATION,colon,all_nes,-1.9692374588056645,-0.8492720752896876,-1.9850399017386056,2.041672558843166,-1.7194191054507233,-1.6684229712755057,1.0556503008066496,-1.5659651318264949,-2.097492545645545,-1.354106212625528,1.565982038776495,1.5701720348756096,1.9733676289950808,-0.8484145699772857,1.2487158589282723,-1.5338869466343834
REACTOME_DNA_REPLICATION,colon,significant_only,-1.9692374588056645,0.0,-1.9850399017386056,2.041672558843166,0.0,-1.6684229712755057,0.0,-1.5659651318264949,-2.097492545645545,0.0,0.0,0.0,1.9733676289950808,0.0,0.0,0.0
REACTOME_MAPK_FAMILY_SIGNALING_CASCADES,colon,all_nes,1.2313881566260043,-1.3613736703889632,0.7540864637246325,-0.9440168486661068,1.2556019167090082,1.3404252014988602,0.7820109094715817,-0.9566561187728506,-1.3567954061569485,1.533849892984634,0.9729253770001424,0.7183221575324378,-1.7502961608249006,1.166067259168441,1.0077450670453985,-0.8475636921640024
REACTOME_MAPK_FAMILY_SIGNALING_CASCADES,colon,significant_only,0.0,0.0,0.0,0.0,0.0,0.0,0.0,0.0,0.0,1.533849892984634,0.0,0.0,-1.7502961608249006,0.0,0.0,0.0
REACTOME_PI3K_AKT_SIGNALING_IN_CANCER,colon,all_nes,1.158313307398785,-1.316665444323715,0.5910247622888283,-0.5466454144081818,1.050894910265406,1.0939442656715177,1.000154297221085,-1.2587137253749816,-1.005258338412199,1.414219751637946,-1.0712303397509508,1.1502414346219434,-1.4185103516882562,1.2289195154306034,1.2247302996454068,-1.151129069049882
REACTOME_PI3K_AKT_SIGNALING_IN_CANCER,colon,significant_only,0.0,0.0,0.0,0.0,0.0,0.0,0.0,0.0,0.0,0.0,0.0,0.0,0.0,0.0,0.0,0.0
KEGG_WNT_SIGNALING_PATHWAY,colon,all_nes,-0.970290646430514,0.7458223912273765,1.5464526313874676,-1.7069119522738323,0.6131923568603455,-0.8892816342299045,-1.354851083182704,-1.0861826895754745,1.0453382203896124,1.215738664312318,0.6690250261331303,1.1110832110165216,-1.6058940119753218,1.444365102237668,1.2392309866365887,2.1274757550727874
KEGG_WNT_SIGNALING_PATHWAY,colon,significant_only,0.0,0.0,0.0,-1.7069119522738323,0.0,0.0,0.0,0.0,0.0,0.0,0.0,0.0,0.0,0.0,0.0,2.1274757550727874
KEGG_MAPK_SIGNALING_PATHWAY,colon,all_nes,1.3493621118155288,-1.5412329857846954,1.0729637427876044,-1.2073872495691589,1.1998069047819744,1.7578291094194645,-0.972141064251489,-0.9172229964528194,-1.526835447095115,1.6209142449572391,1.304014143209133,1.3667311857225288,-2.077358732660734,1.3585932328198336,1.1813624747826592,-0.7548662594765347
KEGG_MAPK_SIGNALING_PATHWAY,colon,significant_only,0.0,-1.5412329857846954,0.0,0.0,0.0,1.7578291094194645,0.0,0.0,0.0,1.6209142449572391,0.0,0.0,-2.077358732660734,1.3585932328198336,0.0,0.0
KEGG_COLORECTAL_CANCER,colon,all_nes,0.7577404142728986,-1.5541514505084737,-0.8336592806269943,-0.8140867433989222,1.2521039669195586,1.2953222665894066,-0.8727509089734382,-1.3070622440887003,-1.970536014046619,1.21216117751913,1.2172265698655065,1.25565110432875,-1.783324865619849,0.730451850905109,0.9771743400225952,-1.4657061853057631
KEGG_COLORECTAL_CANCER,colon,significant_only,0.0,0.0,0.0,0.0,0.0,0.0,0.0,0.0,-1.970536014046619,0.0,0.0,0.0,-1.783324865619849,0.0,0.0,0.0
KEGG_CELL_CYCLE,colon,all_nes,-2.3281326244033425,-0.850228280012793,-2.6897760072962567,2.506303800903525,-1.381614532479085,-2.093344226941978,-0.6928845678098294,-1.4334454028787529,-3.0771248927542603,0.6452082167837587,1.8785954496763515,1.2141199933958262,2.3133039154826376,0.4721723316183614,1.5175433866921697,-1.69061731592171
KEGG_CELL_CYCLE,colon,significant_only,-2.3281326244033425,0.0,-2.6897760072962567,2.506303800903525,0.0,-2.093344226941978,0.0,0.0,-3.0771248927542603,0.0,1.8785954496763515,0.0,2.3133039154826376,0.0,0.0,-1.69061731592171
KEGG_P53_SIGNALING_PATHWAY,colon,all_nes,-1.5485724575084223,-1.6262535253925066,-1.972212145211916,1.9171608682836387,1.5360515718616026,-1.4363097604051265,0.714048030193766,-1.212900777593791,-2.235075499349789,0.7370989869344023,1.3180183112591792,0.8191941768767461,1.331913285945834,0.4494895092491226,0.7338027145480214,-1.1400884167958285
KEGG_P53_SIGNALING_PATHWAY,colon,significant_only,0.0,0.0,-1.972212145211916,1.9171608682836387,0.0,0.0,0.0,0.0,-2.235075499349789,0.0,0.0,0.0,0.0,0.0,0.0,0.0
KEGG_PI3K_AKT_SIGNALING_PATHWAY,colon,all_nes,1.3062032067831586,-1.103934796068677,1.120830271543834,-0.8835071099541137,1.3430526480309033,1.4472909200733304,0.6545058253062502,-0.5756928234995665,-0.6143323493096198,1.4586213425063923,1.074876741427365,0.9017469749811547,-0.9734908553294976,1.5658325589955775,1.0482785887474722,1.0277279589824977
KEGG_PI3K_AKT_SIGNALING_PATHWAY,colon,significant_only,0.0,0.0,0.0,0.0,0.0,0.0,0.0,0.0,0.0,1.4586213425063923,0.0,0.0,0.0,1.5658325589955775,0.0,0.0
REACTOME_BILE_ACID_AND_BILE_SALT_METABOLISM,colon,all_nes,1.651148452511297,-0.6209053441280635,-1.3547974633271902,1.3110082574466753,-0.9111840294160308,1.0828779925805017,1.319905741797658,-0.7609920941819321,-1.2353252439816884,-1.7728228762841312,1.0067898173130367,-0.7897425287624972,-1.0041272097661962,0.6937217048968921,-2.087446906593489,1.0235267260493168
REACTOME_BILE_ACID_AND_BILE_SALT_METABOLISM,colon,significant_only,1.651148452511297,0.0,0.0,0.0,0.0,0.0,0.0,0.0,0.0,0.0,0.0,0.0,0.0,0.0,0.0,0.0
REACTOME_SLC_MEDIATED_BILE_ACID_TRANSPORT,colon,all_nes,-0.6511394052613253,-0.934238689488279,-0.8742294819627137,0.6533093338482512,0.8948069827655222,-0.7623449687379613,-1.2901035101262963,-0.7465005998736925,0.5527439216365393,-0.7043227107563171,1.4211855466363903,0.4734845603339202,-1.319301141049534,-1.3698913063101368,1.3224051846713885,0.8485518535196528
REACTOME_SLC_MEDIATED_BILE_ACID_TRANSPORT,colon,significant_only,0.0,0.0,0.0,0.0,0.0,0.0,0.0,0.0,0.0,0.0,0.0,0.0,0.0,0.0,0.0,0.0
REACTOME_SYNTHESIS_OF_BILE_ACIDS_AND_BILE_SALTS,colon,all_nes,1.216096842908501,-0.7515694380344546,-0.8485449102026251,1.3208488140767376,-0.9626713123028172,0.4875349965408457,1.497174589957955,-0.9238415733646306,-1.0641953447847794,-1.4312861358400697,0.8421350519118067,0.4856146806663344,-1.314796570804365,0.9228687410950728,-2.083156297328211,0.9664897463680908
REACTOME_SYNTHESIS_OF_BILE_ACIDS_AND_BILE_SALTS,colon,significant_only,0.0,0.0,0.0,0.0,0.0,0.0,0.0,0.0,0.0,0.0,0.0,0.0,0.0,0.0,0.0,0.0
REACTOME_BIOLOGICAL_OXIDATIONS,colon,all_nes,1.882928275502316,-0.7431595211978453,-1.3671236174257249,1.117489818092759,-0.5690070671466466,-0.7136557097184023,0.5291699738675355,0.9148733338305276,-1.3344378752331194,-2.4172780486342336,1.5877816113866734,0.8441984158147178,-1.0243192502641745,0.6587254808063592,-1.931293200916392,1.6497770738540656
REACTOME_BIOLOGICAL_OXIDATIONS,colon,significant_only,1.882928275502316,0.0,0.0,0.0,0.0,0.0,0.0,0.0,0.0,0.0,1.5877816113866734,0.0,0.0,0.0,0.0,1.6497770738540656
REACTOME_FATTY_ACID_METABOLISM,colon,all_nes,1.1379627763498827,-0.8434046691752768,-0.7783401254574096,0.7450519212685098,0.5865530484117675,-1.022298032044027,0.5982187372073984,-0.7737097554392897,-1.2163072552856986,0.8053431851609378,1.4010035622890855,-0.7052500863190044,1.407612297535366,0.782227747140091,-0.9236924561416572,-0.738821377834183
REACTOME_FATTY_ACID_METABOLISM,colon,significant_only,0.0,0.0,0.0,0.0,0.0,0.0,0.0,0.0,0.0,0.0,0.0,0.0,0.0,0.0,0.0,0.0
KEGG_PRIMARY_BILE_ACID_BIOSYNTHESIS,colon,all_nes,1.1071653952990987,-0.9573770204374876,1.1637178142001978,0.6461263584912018,-1.1579076940543414,0.6231867322006808,0.7893185837707949,-0.947804781163206,-0.9033631881783166,-1.1367098229366208,0.8468990577851812,0.6113581042081822,-1.4679689960153774,1.1101742677858224,-0.97919673504924,1.005663956823875
KEGG_PRIMARY_BILE_ACID_BIOSYNTHESIS,colon,significant_only,0.0,0.0,0.0,0.0,0.0,0.0,0.0,0.0,0.0,0.0,0.0,0.0,0.0,0.0,0.0,0.0
KEGG_METABOLISM_OF_XENOBIOTICS_BY_CYTOCHROME_P450,colon,all_nes,1.5060435866512063,-0.8613500106442105,-2.170835209142607,1.29424423864586,-0.9057923994236272,-0.78229277046585,1.2146233744033077,1.5216388129266676,-1.7811838253775378,-3.31421724624326,1.134216282851217,0.4730776014703792,-1.0990874022675745,0.4829615436586631,-2.287041509525245,1.5195613756786668
KEGG_METABOLISM_OF_XENOBIOTICS_BY_CYTOCHROME_P450,colon,significant_only,0.0,0.0,-2.170835209142607,0.0,0.0,0.0,0.0,0.0,-1.7811838253775378,0.0,0.0,0.0,0.0,0.0,0.0,0.0
KEGG_DRUG_METABOLISM,colon,all_nes,1.199654428943143,-0.8388924175243923,-2.289801759221762,1.1017018524049995,0.6668323539881653,-0.7948245909506229,0.7925369142611318,-0.4539802081436605,-1.5282921156036782,-2.5035827598480744,1.6090326432501785,-0.7065647790520947,0.82079083580743,-0.8589155057679508,-1.5273165844508223,1.0482553053865828
KEGG_DRUG_METABOLISM,colon,significant_only,0.0,0.0,-2.289801759221762,0.0,0.0,0.0,0.0,0.0,0.0,0.0,0.0,0.0,0.0,0.0,0.0,0.0
KEGG_FATTY_ACID_DEGRADATION,colon,all_nes,0.7555073507046058,-1.1895458664861818,-1.7939003308807075,1.2745048589355503,0.6084387918932488,-1.1513719895545955,1.297815770931133,-0.8296586381819957,-1.6951820425394235,-1.9302120493893005,1.2523317664398357,1.206465903240152,0.8866448810899002,0.9643964221447368,-1.2523914757488357,1.1094619276479378
KEGG_FATTY_ACID_DEGRADATION,colon,significant_only,0.0,0.0,-1.7939003308807075,0.0,0.0,0.0,0.0,0.0,0.0,0.0,0.0,0.0,0.0,0.0,0.0,0.0
HALLMARK_XENOBIOTIC_METABOLISM,colon,all_nes,1.6072979895476776,-1.3184752803044275,-1.6171818485737686,0.8598083350475706,1.0436442038751987,1.1419777633641173,0.9625634115098914,-0.5386026492120584,0.6700617323179688,-1.6275526445702857,1.3728150750304942,-0.9816820061471,-1.2635874993198264,0.6882472139339139,-1.370372777662729,-1.0496275141531763
HALLMARK_XENOBIOTIC_METABOLISM,colon,significant_only,1.6072979895476776,0.0,0.0,0.0,0.0,0.0,0.0,0.0,0.0,0.0,0.0,0.0,0.0,0.0,0.0,0.0
HALLMARK_FATTY_ACID_METABOLISM,colon,all_nes,0.9745440500655844,-1.170171839456385,-1.685155710967128,1.0494361272319188,0.7653507461343847,0.5518095639361554,1.1342936001650157,-0.6380927826920438,-0.9770357421121936,-1.4034810817254817,1.2342902056171934,-0.8524161706853032,1.1982024753897316,0.5155893081467026,-1.2699597353541066,-1.1190233010752222
HALLMARK_FATTY_ACID_METABOLISM,colon,significant_only,0.0,0.0,0.0,0.0,0.0,0.0,0.0,0.0,0.0,0.0,0.0,0.0,0.0,0.0,0.0,0.0
HALLMARK_TNFA_SIGNALING_VIA_NFKB,ileum,all_nes,0.9202122842233708,-2.596475183739299,1.8035508918791376,-1.4358115226425134,1.4850541774963542,2.3827608431044345,-2.163280603341801,-1.258690596703126,-1.6514848289553985,1.445035863049679,0.7206297522201641,-1.7215762517543998,-2.44539090518152,0.8701352132770385,0.5080614444484882,-2.9374263914175343
HALLMARK_TNFA_SIGNALING_VIA_NFKB,ileum,significant_only,0.0,-2.596475183739299,1.8035508918791376,0.0,0.0,2.3827608431044345,0.0,0.0,-1.6514848289553985,1.445035863049679,0.0,-1.7215762517543998,-2.44539090518152,0.0,0.0,-2.9374263914175343
HALLMARK_INFLAMMATORY_RESPONSE,ileum,all_nes,-0.7456437228205888,-2.204481952324917,1.6233709216724166,-1.183432333418782,0.7805415183086176,1.759692003368935,0.6538999086996887,-1.1559547391205145,0.8245110485182335,1.5373630586989078,-1.1876053999917466,-2.2588445376957726,-1.881824167139196,1.0449025496019342,1.0741238316273878,-2.7344094328655144
HALLMARK_INFLAMMATORY_RESPONSE,ileum,significant_only,0.0,-2.204481952324917,1.6233709216724166,0.0,0.0,1.759692003368935,0.0,0.0,0.0,1.5373630586989078,0.0,-2.2588445376957726,-1.881824167139196,0.0,0.0,-2.7344094328655144
HALLMARK_IL6_JAK_STAT3_SIGNALING,ileum,all_nes,0.9117027073867592,-2.2197047215709027,1.6077293458152633,-1.2578914256413989,0.7320582998337126,1.6798448017308003,-1.3528031157341838,-1.1219936998046716,0.6663278524883497,1.732917181077559,-0.965501355940947,-2.301467945646773,-1.0175288446438322,1.01135055746752,1.2553448545530883,-2.2293492079429225
HALLMARK_IL6_JAK_STAT3_SIGNALING,ileum,significant_only,0.0,-2.2197047215709027,1.6077293458152633,0.0,0.0,1.6798448017308003,0.0,0.0,0.0,1.732917181077559,0.0,-2.301467945646773,0.0,0.0,0.0,-2.2293492079429225
HALLMARK_TGF_BETA_SIGNALING,ileum,all_nes,1.1369799913496963,-1.485310018505049,1.0613981189051982,-0.4984854328187794,1.6922767089778423,1.7401865791337308,-1.396073349449374,1.0061368167991218,0.7020668635532037,1.1777042404379614,1.4468157911300004,0.7658394889896935,-1.6815989515536067,0.9858825298892266,0.9304535849892333,-1.3226125415552186
HALLMARK_TGF_BETA_SIGNALING,ileum,significant_only,0.0,0.0,0.0,0.0,0.0,1.7401865791337308,0.0,0.0,0.0,0.0,0.0,0.0,0.0,0.0,0.0,0.0
HALLMARK_EPITHELIAL_MESENCHYMAL_TRANSITION,ileum,all_nes,-0.7202500070967357,-1.516878158067035,-2.020840000816545,-1.2050037209284867,1.273344331326158,1.46771617296053,0.9517360640774812,0.0,1.818813459555276,1.756756089203603,0.6927052438194351,1.9927655562020317,-0.7020473019346238,1.6341711589538193,0.7496359847127889,-0.817960458024838
HALLMARK_EPITHELIAL_MESENCHYMAL_TRANSITION,ileum,significant_only,0.0,-1.516878158067035,0.0,0.0,0.0,1.46771617296053,0.0,0.0,1.818813459555276,1.756756089203603,0.0,1.9927655562020317,0.0,1.6341711589538193,0.0,0.0
HALLMARK_WNT_BETA_CATENIN_SIGNALING,ileum,all_nes,-0.7626013435869834,1.3322935853692952,1.547020109071048,0.7911223654856285,-1.5042737009964535,1.3990466983079426,-0.7803598554013931,-1.0392991268118588,-1.827776880463824,1.298682035467883,1.1209334411332108,0.8640641769994556,-1.004486422530965,1.1198888931225246,1.3463248986779155,1.7690198028800408
HALLMARK_WNT_BETA_CATENIN_SIGNALING,ileum,significant_only,0.0,0.0,0.0,0.0,0.0,0.0,0.0,0.0,0.0,0.0,0.0,0.0,0.0,0.0,0.0,1.7690198028800408
HALLMARK_PI3K_AKT_MTOR_SIGNALING,ileum,all_nes,-1.1194328892531096,-1.1141179779961154,-1.2628255236933554,-0.5607362163803018,1.7219095100955706,0.975420921170798,1.2006376480622094,-1.2777497165607228,-1.4529875755976904,1.1467831163412507,0.6947941917410572,-0.9201464622733244,0.8664296574884606,0.7246259567978331,0.763287206111938,-1.0517632002368529
HALLMARK_PI3K_AKT_MTOR_SIGNALING,ileum,significant_only,0.0,0.0,0.0,0.0,0.0,0.0,0.0,0.0,0.0,0.0,0.0,0.0,0.0,0.0,0.0,0.0
HALLMARK_MTORC1_SIGNALING,ileum,all_nes,-1.687153428715456,-1.6097680777628511,-1.774519193343101,1.8524326143852328,1.965649199296632,1.0464573541719822,1.046160032379764,-1.00444330124319,-1.8274734263766448,1.5324581877302197,1.1978186125190249,0.5783953089397507,1.4971428256766397,0.6756902406053347,0.6267158763766416,-1.9682835171648787
HALLMARK_MTORC1_SIGNALING,ileum,significant_only,-1.687153428715456,-1.6097680777628511,0.0,1.8524326143852328,0.0,0.0,0.0,0.0,-1.8274734263766448,1.5324581877302197,0.0,0.0,1.4971428256766397,0.0,0.0,-1.9682835171648787
HALLMARK_P53_PATHWAY,ileum,all_nes,1.485326005113531,-1.5860994556548864,1.009893576995294,-0.6680392574465188,1.1729140496078947,1.486851734704567,0.9824909007032646,-0.8665650971519859,-1.519190949198268,1.0106615699517292,1.9105507840212923,-1.2860777691714873,-1.960193974486946,0.8559047192549507,0.997010918361752,-2.073025150129851
HALLMARK_P53_PATHWAY,ileum,significant_only,0.0,-1.5860994556548864,0.0,0.0,0.0,1.486851734704567,0.0,0.0,0.0,0.0,1.9105507840212923,0.0,-1.960193974486946,0.0,0.0,-2.073025150129851
HALLMARK_BILE_ACID_METABOLISM,ileum,all_nes,1.331725927778753,0.8127718182469699,0.8991745530563637,1.3264353792176151,1.0265855784847429,-1.0997663950865637,0.5749101308620208,-0.5117931794897602,-1.3678047384775112,0.8580720975246228,1.371108481402996,0.5919226987989517,1.0994156409733151,0.9276140332083888,1.130564981127951,0.8560309114741426
HALLMARK_BILE_ACID_METABOLISM,ileum,significant_only,0.0,0.0,0.0,0.0,0.0,0.0,0.0,0.0,0.0,0.0,0.0,0.0,0.0,0.0,0.0,0.0
REACTOME_NOD1_NOD2_SIGNALING_PATHWAY,ileum,all_nes,-0.9052156190458098,-1.6755203895192512,1.503880899760536,-1.4563383969202175,1.0714144569294048,1.1750891437028608,-1.1531320471769084,-1.2288461273886992,-0.7983670517284621,1.0157718071749815,-1.4751717192274394,-1.5162069639120428,-0.7508475906972634,0.7677509758309153,-1.0979850684930197,-1.4896979244196555
REACTOME_NOD1_NOD2_SIGNALING_PATHWAY,ileum,significant_only,0.0,-1.6755203895192512,0.0,0.0,0.0,0.0,0.0,0.0,0.0,0.0,0.0,0.0,0.0,0.0,0.0,0.0
REACTOME_INTERLEUKIN_23_SIGNALING,ileum,all_nes,-0.785091900169822,-1.2113672761594965,1.3836861337239257,-1.2561276431407689,-0.7171219248430614,1.158037637483639,-1.3552469292445293,-1.088988076431223,-0.6929515828371028,1.280283173648064,-1.081219012206267,-1.593226261188368,1.181223259399118,0.6077110056405142,-0.6791685673361687,-1.4965779339667098
REACTOME_INTERLEUKIN_23_SIGNALING,ileum,significant_only,0.0,0.0,0.0,0.0,0.0,0.0,0.0,0.0,0.0,0.0,0.0,-1.593226261188368,0.0,0.0,0.0,0.0
REACTOME_EXTRACELLULAR_MATRIX_ORGANIZATION,ileum,all_nes,0.5575802347085519,-0.9797531818038988,1.166330186040072,-1.1424826160600865,0.5224680626131835,1.2944688483001403,1.2529126660073442,0.0,1.9327318370865427,2.017250958726705,0.91301828138674,1.8478187223518503,1.4024312121065623,1.7070458359222556,0.9497470360803644,1.4399415542276215
REACTOME_EXTRACELLULAR_MATRIX_ORGANIZATION,ileum,significant_only,0.0,0.0,0.0,0.0,0.0,0.0,0.0,0.0,1.9327318370865427,2.017250958726705,0.0,1.8478187223518503,0.0,1.7070458359222556,0.0,1.4399415542276215
KEGG_CYTOKINE_CYTOKINE_RECEPTOR_INTERACTION,ileum,all_nes,-0.6882105291844117,-1.5972033369512606,1.4676170274715865,0.796266434479357,0.8818870513896002,1.6426452693687663,1.270978263015973,-1.311587682139483,1.5285406762873353,1.3856360637440486,-1.7877418063767532,-2.0866472452889835,-1.360923262437905,1.0940026413347237,1.170800736291843,-2.1529827460211624
KEGG_CYTOKINE_CYTOKINE_RECEPTOR_INTERACTION,ileum,significant_only,0.0,-1.5972033369512606,1.4676170274715865,0.0,0.0,1.6426452693687663,0.0,-1.311587682139483,1.5285406762873353,0.0,0.0,-2.0866472452889835,0.0,0.0,0.0,-2.1529827460211624
KEGG_BILE_SECRETION,ileum,all_nes,1.732219272531257,0.548543712417016,-1.3180743510935575,1.036740338361119,1.6595067433362067,0.6631016178607442,-1.780807622032497,0.7306475538594072,-1.1586709938512256,-1.829790424135412,1.3229824289004608,-0.7175908859145725,0.888756374945438,0.5303251163694169,-1.4182762674281475,0.9366682682108772
KEGG_BILE_SECRETION,ileum,significant_only,1.732219272531257,0.0,0.0,0.0,0.0,0.0,0.0,0.0,0.0,0.0,0.0,0.0,0.0,0.0,0.0,0.0
HALLMARK_INTERFERON_GAMMA_RESPONSE,ileum,all_nes,-1.0223522926481063,-2.572475383010412,1.6747440858903424,-2.571498485937437,-1.9306429601641424,-1.270906325763429,-1.168068982509293,-1.4820961939408277,1.0063675361458415,1.1585207321558892,0.8195736021640448,-3.096681197886181,-1.1338946209802367,0.7925519010606272,0.8805891606346242,-2.9879519188029637
HALLMARK_INTERFERON_GAMMA_RESPONSE,ileum,significant_only,0.0,-2.572475383010412,1.6747440858903424,-2.571498485937437,0.0,0.0,0.0,-1.4820961939408277,0.0,0.0,0.0,-3.096681197886181,0.0,0.0,0.0,-2.9879519188029637
HALLMARK_INTERFERON_ALPHA_RESPONSE,ileum,all_nes,-1.193397877256706,-2.2974395859817576,1.2686406628570464,-2.686604993773721,-2.707829632726734,-1.5460726983342137,-1.472304435467532,-1.4743305786731105,1.1394903993509182,0.9399895653820516,1.332293555943853,-2.86763938602936,-1.109736469170047,0.0,-1.002761207754816,-2.689705674288794
HALLMARK_INTERFERON_ALPHA_RESPONSE,ileum,significant_only,0.0,-2.2974395859817576,0.0,-2.686604993773721,0.0,0.0,0.0,-1.4743305786731105,0.0,0.0,0.0,-2.86763938602936,0.0,0.0,0.0,-2.689705674288794
HALLMARK_COMPLEMENT,ileum,all_nes,0.6531323259558465,-1.8818356560580465,0.8867433322009545,-0.9303191166343404,1.0378071476642077,0.8868398033194104,1.0044997431603144,-1.1162732539247218,1.3676080061972438,1.2461427838366643,-0.7688668062329435,-2.226205568973592,-1.2950000512309812,0.9805605355490512,1.1132286764819137,-2.4066461348354387
HALLMARK_COMPLEMENT,ileum,significant_only,0.0,-1.8818356560580465,0.0,0.0,0.0,0.0,0.0,0.0,0.0,0.0,0.0,-2.226205568973592,0.0,0.0,0.0,-2.4066461348354387
REACTOME_INTERLEUKIN_17_SIGNALING,ileum,all_nes,1.1658271368487387,-1.3814241999586574,1.4930417752939795,-0.9286222411614272,1.5275531005901073,1.0907154764054623,-0.6997831382884855,-0.9410087096783352,-1.468398518890388,1.555536610511683,0.990947919216608,-1.1130912680866527,-1.7966139870360722,0.8861914960595194,-0.8865840806210654,-1.2802453176215958
REACTOME_INTERLEUKIN_17_SIGNALING,ileum,significant_only,0.0,0.0,0.0,0.0,0.0,0.0,0.0,0.0,0.0,0.0,0.0,0.0,-1.7966139870360722,0.0,0.0,0.0
REACTOME_INTERFERON_SIGNALING,ileum,all_nes,-0.9043559030416108,-2.2372450457112074,1.3127494756610822,-2.191641064346339,-2.0306906831812084,-1.286983888953876,-1.0971823077878906,-1.4251731537296009,1.0345075942553197,1.04415683446856,1.048891214732371,-2.486825774871239,-1.0907226242751362,0.6816725864743732,0.7928378608479772,-2.4943113132593773
REACTOME_INTERFERON_SIGNALING,ileum,significant_only,0.0,-2.2372450457112074,0.0,-2.191641064346339,0.0,0.0,0.0,-1.4251731537296009,0.0,0.0,0.0,-2.486825774871239,0.0,0.0,0.0,-2.4943113132593773
REACTOME_COMPLEMENT_CASCADE,ileum,all_nes,-2.091283283539034,1.3148178647746718,0.657900449793373,1.4264595898323351,2.0718448412461576,-1.3341166244100222,2.155018197057239,-1.12624890309333,2.3083152797600284,1.263206939729292,0.4719804844173793,-2.181743705809635,-1.1930424666048347,1.2480950797496533,1.0045222873420907,-1.989479982883038
REACTOME_COMPLEMENT_CASCADE,ileum,significant_only,-2.091283283539034,0.0,0.0,0.0,0.0,0.0,0.0,0.0,2.3083152797600284,0.0,0.0,-2.181743705809635,0.0,0.0,0.0,-1.989479982883038
KEGG_IL17_SIGNALING_PATHWAY,ileum,all_nes,-1.9371159392605155,-2.0087342465494777,1.2051387326047225,-0.8184648082772153,0.7858453078726184,1.9674814487287315,-1.947447557997655,-0.9864005679911844,1.011982587191991,1.4012818884358578,0.9928085700555532,-1.99815905803007,-1.1161876258886132,0.7345308854954016,-1.931986143804624,-2.421358583259572
KEGG_IL17_SIGNALING_PATHWAY,ileum,significant_only,-1.9371159392605155,-2.0087342465494777,0.0,0.0,0.0,1.9674814487287315,0.0,0.0,0.0,0.0,0.0,-1.99815905803007,0.0,0.0,0.0,-2.421358583259572
KEGG_JAK_STAT_SIGNALING_PATHWAY,ileum,all_nes,0.9118513140635784,-1.381839666383001,1.7107578337343678,-1.175880767885364,0.9025888230954068,1.7574055777389932,-0.8130613232681023,-1.2794034221526978,-0.7654131152314202,1.6102442015666736,-1.123611979002827,-1.98561984089798,-1.3144674988857652,1.0131088505636372,1.1853309172445512,-1.6131224307366527
KEGG_JAK_STAT_SIGNALING_PATHWAY,ileum,significant_only,0.0,0.0,1.7107578337343678,0.0,0.0,1.7574055777389932,0.0,0.0,0.0,1.6102442015666736,0.0,-1.98561984089798,0.0,0.0,0.0,-1.6131224307366527
KEGG_TH17_CELL_DIFFERENTIATION,ileum,all_nes,0.947911652337292,-1.357462622154015,1.9718846558914973,-1.3816041132043304,0.840809213561998,0.870120958196603,0.8116075363067297,-1.4667120700315457,1.081318120843522,1.3062087744774362,-1.3099585987452167,-2.5790640655753174,-1.630399561809092,1.019684319621404,1.4872594466450708,-2.122847462523758
KEGG_TH17_CELL_DIFFERENTIATION,ileum,significant_only,0.0,0.0,1.9718846558914973,0.0,0.0,0.0,0.0,0.0,0.0,0.0,0.0,-2.5790640655753174,-1.630399561809092,0.0,0.0,-2.122847462523758
KEGG_NOD_LIKE_RECEPTOR_SIGNALING_PATHWAY,ileum,all_nes,-1.5505347607790765,-2.07819555712752,1.9535637103759185,-1.6678245077615017,-1.193427307975411,0.9847063486246528,0.8183105759105502,-1.332930818893619,0.4730184463081004,1.4063153876059398,-1.390023805477054,-2.077711211624269,-0.870703008894176,0.9316860886653864,-0.8405617624545263,-1.929483411427656
KEGG_NOD_LIKE_RECEPTOR_SIGNALING_PATHWAY,ileum,significant_only,0.0,-2.07819555712752,1.9535637103759185,-1.6678245077615017,0.0,0.0,0.0,0.0,0.0,0.0,0.0,-2.077711211624269,0.0,0.0,0.0,-1.929483411427656
KEGG_COMPLEMENT_AND_COAGULATION_CASCADES,ileum,all_nes,-0.9351193083966072,-1.7001098739016194,0.6841405489394821,0.8849052903645335,1.3202264401312966,1.117019904722151,1.441214018411767,1.1947952646424385,1.686428982360775,1.4149310316860482,-0.4414662229479906,-1.4636432966686848,-1.1351377114042642,1.2909810091702123,0.7430994050100497,-1.7469613725022604
KEGG_COMPLEMENT_AND_COAGULATION_CASCADES,ileum,significant_only,0.0,-1.7001098739016194,0.0,0.0,0.0,0.0,0.0,0.0,1.686428982360775,0.0,0.0,0.0,0.0,0.0,0.0,-1.7469613725022604
REACTOME_COLLAGEN_FORMATION,ileum,all_nes,1.014661700643524,0.7795470681863699,1.3129885817752318,0.8845374767529793,0.8330177205978604,1.5224736035985955,1.1751651188106151,2.3073640376852014,1.7411653737326145,1.9031307740815235,0.9636485344515608,1.6640408954831352,1.523377788918407,1.4706399539466464,0.722385693964515,1.3347493574728124
REACTOME_COLLAGEN_FORMATION,ileum,significant_only,0.0,0.0,0.0,0.0,0.0,0.0,0.0,0.0,1.7411653737326145,1.9031307740815235,0.0,1.6640408954831352,0.0,1.4706399539466464,0.0,0.0
REACTOME_COLLAGEN_BIOSYNTHESIS_AND_MODIFYING_ENZYMES,ileum,all_nes,0.7356772458625056,0.9303164260957374,1.585671385246136,0.6009000949812733,-1.2874242708511257,1.368097348288449,1.45134550435284,2.1073861367133877,1.692041419136783,1.9855527658600527,0.9364735000079468,1.7395086270552775,1.6606229710578142,1.489616539733594,0.7614369451854567,1.89146421310745
REACTOME_COLLAGEN_BIOSYNTHESIS_AND_MODIFYING_ENZYMES,ileum,significant_only,0.0,0.0,1.585671385246136,0.0,0.0,0.0,0.0,0.0,1.692041419136783,1.9855527658600527,0.0,1.7395086270552775,0.0,1.489616539733594,0.0,1.89146421310745
REACTOME_DEGRADATION_OF_THE_EXTRACELLULAR_MATRIX,ileum,all_nes,0.7152983873228687,-0.8073825422774678,1.2230510625756197,0.6066751061852864,-0.7571036827961498,1.4412759272092417,1.286680594361956,2.433100201357909,1.8686843693260689,2.0217783032036003,1.1892724886498565,1.56298645183111,1.083784528225672,1.5214805429731413,-0.733315279353483,1.190461223193939
REACTOME_DEGRADATION_OF_THE_EXTRACELLULAR_MATRIX,ileum,significant_only,0.0,0.0,0.0,0.0,0.0,0.0,0.0,0.0,1.8686843693260689,2.0217783032036003,0.0,1.56298645183111,0.0,1.5214805429731413,0.0,0.0
REACTOME_SIGNALING_BY_TGF_BETA_RECEPTOR_COMPLEX,ileum,all_nes,0.7099480640902979,-1.050710860841625,1.1375966842814689,-0.920519485750342,1.170430140186031,0.8484735991960338,-1.5486042620636833,0.9927308784577208,-1.1504232177345108,1.9292845788411463,1.2347398838911074,0.898538643151345,-1.5210714098428644,1.3750992927082732,1.380378536325371,1.0946879921432882
REACTOME_SIGNALING_BY_TGF_BETA_RECEPTOR_COMPLEX,ileum,significant_only,0.0,0.0,0.0,0.0,0.0,0.0,0.0,0.0,0.0,1.9292845788411463,0.0,0.0,0.0,0.0,0.0,0.0
KEGG_ECM_RECEPTOR_INTERACTION,ileum,all_nes,1.314278401425905,1.195324428367532,1.4318738194776617,-0.7468359979658953,0.7591751469688092,1.278091230736239,0.7601018090860528,2.0464188015027776,1.157038038757391,1.6936096227482584,1.188915995264077,1.5331165707030154,1.6182798650034305,1.3601621370444448,0.7714436030353772,1.7344579165218073
KEGG_ECM_RECEPTOR_INTERACTION,ileum,significant_only,0.0,0.0,0.0,0.0,0.0,0.0,0.0,0.0,0.0,1.6936096227482584,0.0,0.0,0.0,0.0,0.0,1.7344579165218073
KEGG_FOCAL_ADHESION,ileum,all_nes,1.0802156683131456,-0.8048289977362261,1.3829287638535432,-1.4780386869685496,0.7932386135072916,1.3129165916262775,0.8229821844437424,0.0,1.2000739955863022,1.6456220058853004,0.976162094765245,1.400721662383414,0.9704788603191068,1.491348418064163,1.1623989900056202,1.6016868475674884
KEGG_FOCAL_ADHESION,ileum,significant_only,0.0,0.0,0.0,0.0,0.0,0.0,0.0,0.0,0.0,1.6456220058853004,0.0,0.0,0.0,1.491348418064163,0.0,1.6016868475674884
KEGG_TGF_BETA_SIGNALING_PATHWAY,ileum,all_nes,-0.965916405321028,-0.8867516844009462,-1.5127732086332186,-1.432467389938286,1.0929982042263375,1.164892430478676,0.8974292835773009,-0.6425911000820144,1.159111916331688,1.1821278428798356,1.0382666027980991,2.147652664272637,0.9674302483267,1.3102576431275763,1.2689565651392858,1.2217635769585706
KEGG_TGF_BETA_SIGNALING_PATHWAY,ileum,significant_only,0.0,0.0,0.0,0.0,0.0,0.0,0.0,0.0,0.0,0.0,0.0,2.147652664272637,0.0,0.0,0.0,0.0
HALLMARK_ANGIOGENESIS,ileum,all_nes,-1.01666366932584,-1.7396559518494203,0.9430551306739936,0.7261351584512618,0.940517145464515,1.4932831707090803,1.2606894459633402,2.642587726914668,1.1527251914832108,1.583177950931015,0.6378361735072523,0.9329710262053542,0.8746395656705027,1.348602244592844,-0.8585083636305726,-0.8748031238008878
HALLMARK_ANGIOGENESIS,ileum,significant_only,0.0,-1.7396559518494203,0.0,0.0,0.0,0.0,0.0,0.0,0.0,1.583177950931015,0.0,0.0,0.0,0.0,0.0,0.0
HALLMARK_APICAL_JUNCTION,ileum,all_nes,0.9172697006940496,-1.0444170908898045,0.8832904386493913,-1.2357233287377232,-0.9902209482634304,0.9378402210096852,-0.9924017403498822,-0.5014400144113007,1.247089084947956,1.4645093751561709,1.1239869148217718,1.119185202597435,0.8991552431908836,1.5302479368833772,1.2640157722687586,1.0134738438526392
HALLMARK_APICAL_JUNCTION,ileum,significant_only,0.0,0.0,0.0,0.0,0.0,0.0,0.0,0.0,0.0,0.0,0.0,0.0,0.0,1.5302479368833772,0.0,0.0
HALLMARK_E2F_TARGETS,ileum,all_nes,-3.0948264711244104,-1.2369371064391328,-3.304860370315653,3.039630328286309,-1.6828048358451249,-2.9285049726702157,1.3002685136154517,-1.6177347740672086,-3.386248592416308,1.2177788979958732,2.011698475505378,1.8422341154689736,2.7043414584439143,0.8503672273568981,1.7729937865515446,-1.2267315414613973
HALLMARK_E2F_TARGETS,ileum,significant_only,-3.0948264711244104,0.0,-3.304860370315653,3.039630328286309,0.0,-2.9285049726702157,0.0,-1.6177347740672086,-3.386248592416308,0.0,2.011698475505378,1.8422341154689736,2.7043414584439143,0.0,0.0,0.0
HALLMARK_G2M_CHECKPOINT,ileum,all_nes,-3.275330190864428,-1.121387391174922,-3.23480671961496,2.9998354165866763,-2.0486997079557567,-2.859482199560367,1.22602057812239,-1.577592157296885,-3.361317878949169,1.092216563287311,1.9542293366202608,1.883893652188208,2.897668395260661,0.8843804715478218,1.4308129152724685,-1.1677137061666705
HALLMARK_G2M_CHECKPOINT,ileum,significant_only,-3.275330190864428,0.0,-3.23480671961496,2.9998354165866763,0.0,-2.859482199560367,0.0,-1.577592157296885,-3.361317878949169,0.0,1.9542293366202608,1.883893652188208,2.897668395260661,0.0,0.0,0.0
HALLMARK_MYC_TARGETS_V1,ileum,all_nes,-2.50190080968941,-1.429453737026285,-2.5386845712343,2.524660227935576,-1.5286831545823227,-1.2435207812817193,1.275048067630836,-1.4067651095232383,-2.4471025731550093,0.8159005659003923,1.65703920986147,1.8848870287061852,1.8473666768309176,0.8876671444141165,1.5416696033356017,-1.474739333870423
HALLMARK_MYC_TARGETS_V1,ileum,significant_only,-2.50190080968941,0.0,-2.5386845712343,2.524660227935576,0.0,0.0,0.0,0.0,-2.4471025731550093,0.0,0.0,1.8848870287061852,1.8473666768309176,0.0,0.0,0.0
HALLMARK_MYC_TARGETS_V2,ileum,all_nes,-1.4605128014074351,-0.8389147006984556,1.067761730026771,1.6391424706872622,-1.8743653116639425,1.7426436210214171,-0.7347957489543143,-1.1738525341062809,-1.8991646008592544,1.482778776483734,1.652385433845235,1.5386913261046364,-0.9460381521544438,0.7934108205557133,1.5639027938225034,-1.2586567011098708
HALLMARK_MYC_TARGETS_V2,ileum,significant_only,0.0,0.0,0.0,0.0,0.0,1.7426436210214171,0.0,0.0,-1.8991646008592544,0.0,0.0,0.0,0.0,0.0,0.0,0.0
HALLMARK_KRAS_SIGNALING_UP,ileum,all_nes,0.7568284564552766,-1.974437485529515,0.9692107286448384,-0.6668205568617892,1.3121183375597414,1.2790093009474144,1.09237880283791,-1.0896785844017411,1.1929732672392592,1.2321327433688558,-0.7170376045836094,-1.2986554457353654,-1.3234189575053197,1.0461940063914663,0.9841669152056765,-2.014422474064708
HALLMARK_KRAS_SIGNALING_UP,ileum,significant_only,0.0,-1.974437485529515,0.0,0.0,0.0,0.0,0.0,0.0,0.0,0.0,0.0,0.0,0.0,0.0,0.0,-2.014422474064708
HALLMARK_KRAS_SIGNALING_DN,ileum,all_nes,1.4317789171148363,1.1840743099618292,0.8279743361991365,1.0316797585420476,0.7944651287970703,-1.308586193946263,0.6473816147582693,-1.065259006163632,-0.8432590842505657,0.730702330201409,1.1793027037565351,0.7401286478249673,-1.556229291891714,0.5319207947655048,0.788694237827873,1.1419010804589085
HALLMARK_KRAS_SIGNALING_DN,ileum,significant_only,0.0,0.0,0.0,0.0,0.0,0.0,0.0,0.0,0.0,0.0,0.0,0.0,-1.556229291891714,0.0,0.0,0.0
REACTOME_SIGNALING_BY_WNT,ileum,all_nes,-1.1245874344084366,1.1318294892359644,0.8477361381204503,-1.151754148160088,0.7877924337951385,-0.660069572145502,-1.06931291157623,-1.1640948672345224,-0.8994777667272219,1.2733834678664306,0.9327940954468736,0.9904154100598314,-0.9238178146063828,1.3539631961540337,1.3943123940485738,1.83177515750156
REACTOME_SIGNALING_BY_WNT,ileum,significant_only,0.0,0.0,0.0,0.0,0.0,0.0,0.0,0.0,0.0,0.0,0.0,0.0,0.0,0.0,0.0,1.83177515750156
REACTOME_SIGNALING_BY_WNT_IN_CANCER,ileum,all_nes,-1.0575809923649608,0.7223344483706094,0.818684490255254,0.5626348903468779,0.8856596566414864,0.657122183336004,0.8181590882493571,1.2513796148793483,-0.715064054309851,1.0753496663912416,1.2207110191272934,1.1252371912172676,-1.0850310925931443,1.0471159330147628,0.9080815297886016,1.457658866763296
REACTOME_SIGNALING_BY_WNT_IN_CANCER,ileum,significant_only,0.0,0.0,0.0,0.0,0.0,0.0,0.0,0.0,0.0,0.0,0.0,0.0,0.0,0.0,0.0,0.0
REACTOME_CELL_CYCLE,ileum,all_nes,-3.057271523275501,-1.0180817935091817,-3.4115790394806607,3.0429326998480453,-1.395975396552781,-2.666688832203274,1.1696322110549,-1.6964505354459154,-3.4025631659037754,1.223698309084276,1.9928343848981829,1.796257516589396,2.8752862104975407,0.7653612476712156,1.503494118674292,-1.2019931754392317
REACTOME_CELL_CYCLE,ileum,significant_only,-3.057271523275501,0.0,-3.4115790394806607,3.0429326998480453,0.0,-2.666688832203274,0.0,-1.6964505354459154,-3.4025631659037754,0.0,1.9928343848981829,1.796257516589396,2.8752862104975407,0.0,0.0,0.0
REACTOME_DNA_REPLICATION,ileum,all_nes,-2.132042043238723,-0.9527971870618948,-1.985677937402741,2.10068885044938,-1.8663135700075963,-1.7422072153544734,1.2448800560606754,-1.505302720470269,-2.092086055503562,-1.3592285926100258,1.576025750435971,1.8031172334922432,1.990409895714176,0.7338178264711216,1.3048239792140357,-1.3416895768718808
REACTOME_DNA_REPLICATION,ileum,significant_only,-2.132042043238723,0.0,-1.985677937402741,2.10068885044938,0.0,-1.7422072153544734,0.0,0.0,-2.092086055503562,0.0,0.0,1.8031172334922432,1.990409895714176,0.0,0.0,0.0
REACTOME_MAPK_FAMILY_SIGNALING_CASCADES,ileum,all_nes,0.9516633092492168,-1.389300742277281,1.037553695990975,-0.8621349363627493,1.2294230408904834,1.4930042669315966,0.902037555517246,-0.9503596455124252,-1.0750440952375595,1.5526922018007168,0.6854551925636897,-0.7335899797159599,-1.606525169842744,1.1514536298254214,1.1737428170763085,-0.6773660305880566
REACTOME_MAPK_FAMILY_SIGNALING_CASCADES,ileum,significant_only,0.0,0.0,0.0,0.0,0.0,0.0,0.0,0.0,0.0,1.5526922018007168,0.0,0.0,-1.606525169842744,0.0,0.0,0.0
REACTOME_PI3K_AKT_SIGNALING_IN_CANCER,ileum,all_nes,0.8681468799359262,-1.1078074555110804,0.7508103814422366,-0.8379510146010599,1.1740008520177123,1.1935088297335548,1.328602374247874,-1.3128013808819452,-0.8076928424881462,1.3892946570188904,-1.2701612064633323,-0.8418554706744239,-1.7121837913620976,1.17839180761117,1.241121639117149,-0.8729978418736667
REACTOME_PI3K_AKT_SIGNALING_IN_CANCER,ileum,significant_only,0.0,0.0,0.0,0.0,0.0,0.0,0.0,0.0,0.0,0.0,0.0,0.0,-1.7121837913620976,0.0,0.0,0.0
KEGG_WNT_SIGNALING_PATHWAY,ileum,all_nes,-0.9620337486077124,1.437015165739357,1.0949145438462504,-1.326101227199533,0.7991528002276037,-0.7586362047529076,-1.0738255989647203,-1.0704017430228852,0.8132147728891189,1.288113610736592,0.9990131284775244,1.2716245342869057,-1.2638751160008852,1.3501810275570518,1.3958371291803813,1.870687635875284
KEGG_WNT_SIGNALING_PATHWAY,ileum,significant_only,0.0,0.0,0.0,0.0,0.0,0.0,0.0,0.0,0.0,0.0,0.0,0.0,0.0,0.0,0.0,1.870687635875284
KEGG_MAPK_SIGNALING_PATHWAY,ileum,all_nes,0.9667301704095952,-1.284587535583939,1.307726039255957,-1.2170520612695626,1.109367614614894,1.824715407183854,0.700409791633732,-0.9745305434259312,-1.2883585659158463,1.6296913049919188,1.1484483240570238,1.0510266292866783,-1.758263779229284,1.2462318894477833,1.4344800136248037,-0.8035079267892613
KEGG_MAPK_SIGNALING_PATHWAY,ileum,significant_only,0.0,0.0,0.0,0.0,0.0,1.824715407183854,0.0,0.0,0.0,1.6296913049919188,0.0,0.0,-1.758263779229284,0.0,0.0,0.0
KEGG_COLORECTAL_CANCER,ileum,all_nes,0.6387478444137659,-1.2158142489067254,-1.188177038286068,0.9112539697938256,1.1483509171511306,1.4041205135999144,-0.9269909268768264,-1.345716237908137,-2.249697611300414,1.3090162211201026,1.2611358021638477,-0.8173006943390293,-1.6315903910002247,0.9064507793156245,1.0806143261584156,-1.2174889797748891
KEGG_COLORECTAL_CANCER,ileum,significant_only,0.0,0.0,0.0,0.0,0.0,0.0,0.0,0.0,-2.249697611300414,0.0,0.0,0.0,-1.6315903910002247,0.0,0.0,0.0
KEGG_CELL_CYCLE,ileum,all_nes,-2.438379601473451,-1.0490809856337826,-2.9057339634042902,2.527881083161315,-1.663672254969488,-1.9463915154092843,1.1263550201089585,-1.5731159727647883,-2.9597682891235637,0.8274841281790299,1.917281317934855,1.6474636716554198,2.348991738552296,0.6983327327827571,1.376780195514163,-1.468939107651565
KEGG_CELL_CYCLE,ileum,significant_only,-2.438379601473451,0.0,-2.9057339634042902,2.527881083161315,0.0,-1.9463915154092843,0.0,-1.5731159727647883,-2.9597682891235637,0.0,1.917281317934855,1.6474636716554198,2.348991738552296,0.0,0.0,0.0
KEGG_P53_SIGNALING_PATHWAY,ileum,all_nes,-1.6508108589086004,-1.5776894253679263,-2.2687215577608164,1.856984139321581,1.6492508601550364,-1.3968973297037228,0.8872626791417791,-1.0138882264476838,-2.4163370406831013,0.9310287086234776,1.3566376897032222,1.2723427593296477,1.435232035761557,0.6204026469966857,0.5464188545093751,-1.0966097991279038
KEGG_P53_SIGNALING_PATHWAY,ileum,significant_only,0.0,0.0,-2.2687215577608164,1.856984139321581,0.0,0.0,0.0,0.0,-2.4163370406831013,0.0,0.0,0.0,0.0,0.0,0.0,0.0
KEGG_PI3K_AKT_SIGNALING_PATHWAY,ileum,all_nes,1.007195392960129,-1.2245424837839618,1.1485272822001271,-1.1126202932163918,1.070648539981924,1.5512399197989268,0.9095835857150508,0.0,0.582157747897098,1.6227859088654513,1.0921066016214958,0.981783974959836,-0.8670759349107686,1.362396187460539,1.221135143409387,1.2204389589765687
KEGG_PI3K_AKT_SIGNALING_PATHWAY,ileum,significant_only,0.0,0.0,0.0,0.0,0.0,1.5512399197989268,0.0,0.0,0.0,1.6227859088654513,0.0,0.0,0.0,1.362396187460539,0.0,0.0
REACTOME_BILE_ACID_AND_BILE_SALT_METABOLISM,ileum,all_nes,1.1905173100065902,-0.6443036340014496,-1.252378718198746,1.2783239127776354,0.7055069323786762,-1.109680874373545,0.692430479669357,-0.6329305379236694,-1.1782372436380062,-1.3880211137140237,1.0373452931095282,-1.0821180630173062,0.9488213539777136,-0.8559940110492804,-1.5822186550174713,-0.6202712056675721
REACTOME_BILE_ACID_AND_BILE_SALT_METABOLISM,ileum,significant_only,0.0,0.0,0.0,0.0,0.0,0.0,0.0,0.0,0.0,0.0,0.0,0.0,0.0,0.0,0.0,0.0
REACTOME_SLC_MEDIATED_BILE_ACID_TRANSPORT,ileum,all_nes,0.9055278425421578,0.6048201522300863,-1.2779642898274053,0.7209427031346798,0.8948146113043521,1.0113161711994887,-1.4006047602065457,-0.755439348404472,0.874423019893415,-0.7319673157352218,1.0069920733931277,-0.6364806858522848,-1.2097860575663897,-1.4535780655282509,1.0459406721245186,0.843709095845633
REACTOME_SLC_MEDIATED_BILE_ACID_TRANSPORT,ileum,significant_only,0.0,0.0,0.0,0.0,0.0,0.0,0.0,0.0,0.0,0.0,0.0,0.0,0.0,0.0,0.0,0.0
REACTOME_SYNTHESIS_OF_BILE_ACIDS_AND_BILE_SALTS,ileum,all_nes,0.9695057428914302,0.7987077634311247,0.4470132658945743,1.3115013439436816,-0.7978147310668658,-1.3824473091658205,0.7122693641472192,-0.8036208520789341,-0.9713657367327276,-1.1404347011606475,0.8617705407588285,-0.9470638770774716,0.7417113546321831,0.7715877958418458,-1.71193599912023,-0.7836356846914725
REACTOME_SYNTHESIS_OF_BILE_ACIDS_AND_BILE_SALTS,ileum,significant_only,0.0,0.0,0.0,0.0,0.0,0.0,0.0,0.0,0.0,0.0,0.0,0.0,0.0,0.0,0.0,0.0
REACTOME_BIOLOGICAL_OXIDATIONS,ileum,all_nes,1.8799032028629947,0.6158356449158133,-1.5547578094897567,1.8364738854819296,1.1538967474622583,-1.5022996233877708,-1.3311578127722674,1.1986860441669696,-1.188093793266905,-2.715195253001093,1.6511688337149946,-0.789405890813505,0.8031785106607843,0.9191955609383666,-2.026892487304588,1.337778671968463
REACTOME_BIOLOGICAL_OXIDATIONS,ileum,significant_only,1.8799032028629947,0.0,0.0,1.8364738854819296,0.0,0.0,0.0,0.0,0.0,0.0,1.6511688337149946,0.0,0.0,0.0,0.0,0.0
REACTOME_FATTY_ACID_METABOLISM,ileum,all_nes,1.664065733305879,-0.5609838896937718,0.8653654205288172,1.227878930626908,0.9816859606072108,-0.9752217266188116,-0.7538910211433913,-0.4921414213913093,-0.9878162615731416,-1.267983009886629,1.531001440166892,-0.939880388498225,1.1339188438441985,0.7844319090050883,-0.5773339392033818,-0.7790689979164381
REACTOME_FATTY_ACID_METABOLISM,ileum,significant_only,0.0,0.0,0.0,0.0,0.0,0.0,0.0,0.0,0.0,0.0,0.0,0.0,0.0,0.0,0.0,0.0
KEGG_PRIMARY_BILE_ACID_BIOSYNTHESIS,ileum,all_nes,1.167888808235749,-1.1042471795680742,1.027450908574639,0.8400435687507964,-1.103028520192288,-0.690720947815896,-0.5628322360809607,-0.7573875469377664,-0.8774653744508524,-0.9678928435633324,1.0524359268938792,-1.0752399984730183,-0.654312866547949,1.2521743401290268,0.8849625964458228,-0.6029974327698063
KEGG_PRIMARY_BILE_ACID_BIOSYNTHESIS,ileum,significant_only,0.0,0.0,0.0,0.0,0.0,0.0,0.0,0.0,0.0,0.0,0.0,0.0,0.0,0.0,0.0,0.0
KEGG_METABOLISM_OF_XENOBIOTICS_BY_CYTOCHROME_P450,ileum,all_nes,1.6793971945739052,1.0761262451330238,-2.1538399464576754,1.7865660293581993,1.2612477887467506,-1.665865526314265,-0.9362006831174416,1.282267765866665,-1.5813639631283916,-3.280766751089442,1.226711920203221,-0.8676482431426856,0.8683264750284959,0.586029935636359,-2.693470632413094,0.7271703445668221
KEGG_METABOLISM_OF_XENOBIOTICS_BY_CYTOCHROME_P450,ileum,significant_only,1.6793971945739052,0.0,-2.1538399464576754,0.0,0.0,0.0,0.0,0.0,0.0,0.0,0.0,0.0,0.0,0.0,0.0,0.0
KEGG_DRUG_METABOLISM,ileum,all_nes,1.2003590567783653,-0.6523184015056804,-2.0972385527305284,1.7544216818921108,1.1748901483363667,-1.457395655017628,-1.1295202123509005,1.0590761553357126,-1.6180270326471464,-2.8483917924852062,1.5401093635386005,-0.7520360746178688,0.9801245737686848,0.0,-1.4833679436768463,0.8069256066476133
KEGG_DRUG_METABOLISM,ileum,significant_only,0.0,0.0,-2.0972385527305284,1.7544216818921108,0.0,0.0,0.0,0.0,0.0,0.0,0.0,0.0,0.0,0.0,0.0,0.0
KEGG_FATTY_ACID_DEGRADATION,ileum,all_nes,-1.3847468074653289,-0.689511692233272,-1.7415013725520887,1.6969491854128476,0.8667343109515954,-1.464697335704344,0.9827175825511416,-0.8999369534089308,-1.773016366139456,-0.9419317194028914,1.0727273489721554,1.3692783275785665,1.2481108507062064,0.5953363782934967,-1.5583041390776826,0.6667750393504333
KEGG_FATTY_ACID_DEGRADATION,ileum,significant_only,0.0,0.0,0.0,0.0,0.0,0.0,0.0,0.0,0.0,0.0,0.0,0.0,0.0,0.0,0.0,0.0
HALLMARK_XENOBIOTIC_METABOLISM,ileum,all_nes,1.5080352171222906,-1.0610583593052183,-1.3654856053081763,1.5851096645841602,1.2711345435538444,-0.8763954354241996,0.4936645771311875,0.5722516487534126,0.6011999314267673,-1.918778060135378,1.3659641065161687,-1.151371357886117,-0.935716305420027,0.5336706118797038,-1.55836850141058,-1.007962731250329
HALLMARK_XENOBIOTIC_METABOLISM,ileum,significant_only,0.0,0.0,0.0,1.5851096645841602,0.0,0.0,0.0,0.0,0.0,0.0,0.0,0.0,0.0,0.0,0.0,0.0
HALLMARK_FATTY_ACID_METABOLISM,ileum,all_nes,1.0345747416515203,-0.9198934547929272,-1.890679205576116,1.632677771221961,1.290373485073626,-0.9667686144049554,0.6695147006220082,-0.4951385276620738,-0.9262791964095236,-1.1095719289353805,1.401289459094322,-0.6104071637929673,1.277392238155229,0.4081104290961365,-1.2324161306910568,-1.128708823520277
HALLMARK_FATTY_ACID_METABOLISM,ileum,significant_only,0.0,0.0,-1.890679205576116,0.0,0.0,0.0,0.0,0.0,0.0,0.0,0.0,0.0,0.0,0.0,0.0,0.0
REACTOME_TERMINATION_OF_O_GLYCAN_BIOSYNTHESIS,colon,all_nes,-0.6641314690547735,1.3755888063084205,1.2493595279651402,0.8174327355472567,1.4197948440832646,-0.4758245498759719,-1.7795011683714672,-0.4028221442536828,1.2394363163564908,1.629037556562644,1.2811493246924262,0.9516164890269212,-1.1453566332711738,-1.306435093739315,-1.142583264221854,-0.8639823500611185
REACTOME_TERMINATION_OF_O_GLYCAN_BIOSYNTHESIS,colon,significant_only,0.0,0.0,0.0,0.0,0.0,0.0,0.0,0.0,0.0,0.0,0.0,0.0,0.0,0.0,0.0,0.0
REACTOME_TERMINATION_OF_O_GLYCAN_BIOSYNTHESIS,ileum,all_nes,0.7470035647165347,1.3482038278622686,1.1681202867441531,-1.0936203122850765,0.9323556891323226,1.4283545317816668,-1.2024978736579053,-0.7497470382751787,1.6983351849676125,1.2391021935709143,1.0774355846798915,-0.485835513854209,-1.4009393347845622,-0.8411951681729752,-0.9992439542890046,-0.5086083310065426
REACTOME_TERMINATION_OF_O_GLYCAN_BIOSYNTHESIS,ileum,significant_only,0.0,0.0,0.0,0.0,0.0,0.0,0.0,0.0,1.6983351849676125,0.0,0.0,0.0,0.0,0.0,0.0,0.0
